-- phpMyAdmin SQL Dump
-- version 5.2.1
-- https://www.phpmyadmin.net/
--
-- Servidor: localhost:3306
-- Tiempo de generación: 25-02-2025 a las 10:45:11
-- Versión del servidor: 10.6.20-MariaDB-cll-lve
-- Versión de PHP: 8.1.29

SET SQL_MODE = "NO_AUTO_VALUE_ON_ZERO";
START TRANSACTION;
SET time_zone = "+00:00";


/*!40101 SET @OLD_CHARACTER_SET_CLIENT=@@CHARACTER_SET_CLIENT */;
/*!40101 SET @OLD_CHARACTER_SET_RESULTS=@@CHARACTER_SET_RESULTS */;
/*!40101 SET @OLD_COLLATION_CONNECTION=@@COLLATION_CONNECTION */;
/*!40101 SET NAMES utf8mb4 */;

--
-- Base de datos: `api_rest_hc_consultorio`
--

-- --------------------------------------------------------

--
-- Estructura de tabla para la tabla `appointments`
--

CREATE TABLE `appointments` (
  `id` bigint(20) UNSIGNED NOT NULL,
  `doctor_id` bigint(20) UNSIGNED NOT NULL,
  `patient_id` bigint(20) UNSIGNED NOT NULL,
  `date_appointment` timestamp NOT NULL DEFAULT current_timestamp() ON UPDATE current_timestamp(),
  `cron_state` tinyint(1) UNSIGNED NOT NULL DEFAULT 1,
  `speciality_id` bigint(20) UNSIGNED NOT NULL,
  `doctor_schedule_join_hour_id` bigint(20) UNSIGNED NOT NULL,
  `user_id` bigint(20) UNSIGNED NOT NULL,
  `amount` double NOT NULL COMMENT 'costo total de la cita',
  `status_pay` tinyint(1) UNSIGNED NOT NULL DEFAULT 1 COMMENT '1:pagado, 2:deuda',
  `status` tinyint(1) UNSIGNED NOT NULL DEFAULT 1 COMMENT '1:pendiente, 2:completado',
  `confimation` tinyint(1) UNSIGNED NOT NULL DEFAULT 1 COMMENT '1:pendiente, 2:confirmado',
  `date_attention` timestamp NULL DEFAULT NULL,
  `created_at` timestamp NULL DEFAULT NULL,
  `updated_at` timestamp NULL DEFAULT NULL,
  `deleted_at` timestamp NULL DEFAULT NULL
) ENGINE=InnoDB DEFAULT CHARSET=utf8mb3 COLLATE=utf8mb3_general_ci;

--
-- Volcado de datos para la tabla `appointments`
--

INSERT INTO `appointments` (`id`, `doctor_id`, `patient_id`, `date_appointment`, `cron_state`, `speciality_id`, `doctor_schedule_join_hour_id`, `user_id`, `amount`, `status_pay`, `status`, `confimation`, `date_attention`, `created_at`, `updated_at`, `deleted_at`) VALUES
(1, 19, 7, '2025-02-14 04:43:30', 1, 6, 685, 48, 35, 1, 1, 2, NULL, '2025-02-13 23:07:45', '2025-02-14 07:43:30', NULL),
(2, 19, 7, '2025-02-14 04:47:57', 1, 6, 446, 7, 50, 2, 1, 2, NULL, '2025-02-14 07:03:41', '2025-02-14 07:47:57', NULL),
(3, 19, 7, '2025-02-14 04:14:03', 1, 6, 446, 7, 50, 1, 2, 2, '2025-02-14 07:06:56', '2025-02-14 07:03:43', '2025-02-14 07:14:03', NULL),
(4, 19, 7, '2025-02-21 06:19:55', 1, 6, 413, 7, 100, 2, 1, 2, NULL, '2025-02-21 09:12:09', '2025-02-21 09:19:55', NULL);

-- --------------------------------------------------------

--
-- Estructura de tabla para la tabla `appointment_attentions`
--

CREATE TABLE `appointment_attentions` (
  `id` bigint(20) UNSIGNED NOT NULL,
  `appointment_id` bigint(20) UNSIGNED NOT NULL,
  `patient_id` bigint(20) UNSIGNED NOT NULL,
  `description` longtext DEFAULT NULL,
  `receta_medica` longtext CHARACTER SET utf8mb4 COLLATE utf8mb4_bin DEFAULT NULL CHECK (json_valid(`receta_medica`)),
  `laboratory` tinyint(1) NOT NULL DEFAULT 1 COMMENT '1:false, 2:true',
  `created_at` timestamp NULL DEFAULT NULL,
  `updated_at` timestamp NULL DEFAULT NULL,
  `deleted_at` timestamp NULL DEFAULT NULL
) ENGINE=InnoDB DEFAULT CHARSET=utf8mb3 COLLATE=utf8mb3_general_ci;

--
-- Volcado de datos para la tabla `appointment_attentions`
--

INSERT INTO `appointment_attentions` (`id`, `appointment_id`, `patient_id`, `description`, `receta_medica`, `laboratory`, `created_at`, `updated_at`, `deleted_at`) VALUES
(1, 3, 7, 'dasdas', '[{\"name_medical\":\"dasdas\",\"uso\":\"dasads\"},{\"name_medical\":\"dsdre\",\"uso\":\"wrerwe\"}]', 1, '2025-02-14 07:06:56', '2025-02-14 07:06:56', NULL);

-- --------------------------------------------------------

--
-- Estructura de tabla para la tabla `appointment_pays`
--

CREATE TABLE `appointment_pays` (
  `id` bigint(20) UNSIGNED NOT NULL,
  `appointment_id` bigint(20) UNSIGNED NOT NULL,
  `amount` double NOT NULL,
  `method_payment` varchar(150) NOT NULL,
  `created_at` timestamp NULL DEFAULT NULL,
  `updated_at` timestamp NULL DEFAULT NULL,
  `deleted_at` timestamp NULL DEFAULT NULL
) ENGINE=InnoDB DEFAULT CHARSET=utf8mb3 COLLATE=utf8mb3_general_ci;

--
-- Volcado de datos para la tabla `appointment_pays`
--

INSERT INTO `appointment_pays` (`id`, `appointment_id`, `amount`, `method_payment`, `created_at`, `updated_at`, `deleted_at`) VALUES
(1, 1, 0, 'Pendiente', '2025-02-13 23:07:45', '2025-02-13 23:07:45', NULL),
(2, 2, 12, 'Transferencia Bolívares', '2025-02-14 07:03:41', '2025-02-14 07:03:41', NULL),
(3, 3, 12, 'Transferencia Bolívares', '2025-02-14 07:03:43', '2025-02-14 07:03:43', NULL),
(4, 3, 20, 'Transferencia Bolívares', '2025-02-14 07:13:19', '2025-02-14 07:13:19', NULL),
(5, 3, 8, 'pagomovil', '2025-02-14 07:13:49', '2025-02-14 07:13:49', NULL),
(6, 3, 10, 'Transferencia Dólares', '2025-02-14 07:14:03', '2025-02-14 07:14:03', NULL),
(7, 1, 35, 'binace', '2025-02-14 07:43:30', '2025-02-14 07:43:30', NULL),
(8, 1, 35, 'binace', '2025-02-14 20:52:34', '2025-02-14 20:52:34', NULL),
(9, 4, 30, 'pagomovil', '2025-02-21 09:12:09', '2025-02-21 09:12:09', NULL);

-- --------------------------------------------------------

--
-- Estructura de tabla para la tabla `contacts`
--

CREATE TABLE `contacts` (
  `id` bigint(20) UNSIGNED NOT NULL,
  `name` varchar(255) NOT NULL,
  `phone` varchar(255) NOT NULL,
  `email` varchar(255) NOT NULL,
  `subject` varchar(255) NOT NULL,
  `comment` text NOT NULL,
  `created_at` timestamp NULL DEFAULT NULL,
  `updated_at` timestamp NULL DEFAULT NULL
) ENGINE=InnoDB DEFAULT CHARSET=utf8mb4 COLLATE=utf8mb4_unicode_ci;

-- --------------------------------------------------------

--
-- Estructura de tabla para la tabla `doctor_schedule_days`
--

CREATE TABLE `doctor_schedule_days` (
  `id` bigint(20) UNSIGNED NOT NULL,
  `user_id` bigint(20) UNSIGNED NOT NULL,
  `day` varchar(50) NOT NULL,
  `created_at` timestamp NULL DEFAULT NULL,
  `updated_at` timestamp NULL DEFAULT NULL,
  `deleted_at` timestamp NULL DEFAULT NULL
) ENGINE=InnoDB DEFAULT CHARSET=utf8mb3 COLLATE=utf8mb3_general_ci;

--
-- Volcado de datos para la tabla `doctor_schedule_days`
--

INSERT INTO `doctor_schedule_days` (`id`, `user_id`, `day`, `created_at`, `updated_at`, `deleted_at`) VALUES
(1, 24, 'Lunes', '2023-12-09 16:13:30', '2023-12-09 16:13:30', NULL),
(15, 27, 'Lunes', '2023-12-10 01:35:40', '2023-12-10 01:35:40', NULL),
(16, 27, 'Martes', '2023-12-10 01:35:40', '2023-12-10 01:35:40', NULL),
(17, 27, 'Miercoles', '2023-12-10 01:35:40', '2023-12-10 01:35:40', NULL),
(18, 27, 'Jueves', '2023-12-10 01:35:40', '2023-12-10 01:35:40', NULL),
(19, 27, 'Viernes', '2023-12-10 01:35:40', '2023-12-10 01:35:40', NULL),
(20, 28, 'Lunes', '2023-12-10 01:37:54', '2023-12-10 01:37:54', NULL),
(21, 28, 'Martes', '2023-12-10 01:37:54', '2023-12-10 01:37:54', NULL),
(22, 28, 'Miercoles', '2023-12-10 01:37:54', '2023-12-10 01:37:54', NULL),
(23, 28, 'Jueves', '2023-12-10 01:37:54', '2023-12-10 01:37:54', NULL),
(24, 28, 'Viernes', '2023-12-10 01:37:54', '2023-12-10 01:37:54', NULL),
(25, 29, 'Lunes', '2023-12-10 01:43:21', '2023-12-10 01:43:21', NULL),
(26, 29, 'Martes', '2023-12-10 01:43:21', '2023-12-10 01:43:21', NULL),
(27, 29, 'Miercoles', '2023-12-10 01:43:21', '2023-12-10 01:43:21', NULL),
(28, 29, 'Jueves', '2023-12-10 01:43:21', '2023-12-10 01:43:21', NULL),
(29, 29, 'Viernes', '2023-12-10 01:43:21', '2023-12-10 01:43:21', NULL),
(50, 18, 'Lunes', '2023-12-11 02:08:47', '2023-12-11 02:08:47', NULL),
(51, 18, 'Martes', '2023-12-11 02:08:47', '2023-12-11 02:08:47', NULL),
(52, 18, 'Miercoles', '2023-12-11 02:08:47', '2023-12-11 02:08:47', NULL),
(53, 18, 'Jueves', '2023-12-11 02:08:47', '2023-12-11 02:08:47', NULL),
(54, 18, 'Viernes', '2023-12-11 02:08:47', '2023-12-11 02:08:47', NULL),
(55, 2, 'Lunes', '2023-12-11 02:10:30', '2023-12-14 04:33:41', '2023-12-14 04:33:41'),
(56, 2, 'Martes', '2023-12-11 02:10:30', '2023-12-14 00:33:41', '2023-12-14 00:33:41'),
(57, 2, 'Miercoles', '2023-12-11 02:10:30', '2023-12-14 00:33:41', '2023-12-14 00:33:41'),
(58, 2, 'Jueves', '2023-12-11 02:10:30', '2023-12-14 00:33:41', '2023-12-14 00:33:41'),
(59, 2, 'Viernes', '2023-12-11 02:10:30', '2023-12-14 00:33:41', '2023-12-14 00:33:41'),
(60, 26, 'Lunes', '2023-12-12 16:06:01', '2023-12-12 16:06:01', NULL),
(61, 26, 'Miercoles', '2023-12-12 16:06:01', '2023-12-12 16:06:01', NULL),
(62, 26, 'Jueves', '2023-12-12 16:06:01', '2023-12-12 16:06:01', NULL),
(63, 25, 'Lunes', '2023-12-12 16:06:29', '2023-12-12 16:06:29', NULL),
(64, 25, 'Martes', '2023-12-12 16:06:29', '2023-12-12 16:06:29', NULL),
(65, 25, 'Miercoles', '2023-12-12 16:06:29', '2023-12-12 16:06:29', NULL),
(66, 25, 'Jueves', '2023-12-12 16:06:29', '2023-12-12 16:06:29', NULL),
(67, 25, 'Viernes', '2023-12-12 16:06:29', '2023-12-12 16:06:29', NULL),
(68, 21, 'Lunes', '2023-12-12 16:06:50', '2023-12-12 16:06:50', NULL),
(69, 21, 'Martes', '2023-12-12 16:06:50', '2023-12-12 16:06:50', NULL),
(70, 21, 'Miercoles', '2023-12-12 16:06:50', '2023-12-12 16:06:50', NULL),
(71, 21, 'Jueves', '2023-12-12 16:06:50', '2023-12-12 16:06:50', NULL),
(72, 21, 'Viernes', '2023-12-12 16:06:50', '2023-12-12 16:06:50', NULL),
(73, 19, 'Lunes', '2023-12-12 16:07:16', '2023-12-12 16:07:16', NULL),
(74, 19, 'Martes', '2023-12-12 16:07:16', '2023-12-12 16:07:16', NULL),
(75, 19, 'Miercoles', '2023-12-12 16:07:16', '2023-12-12 16:07:16', NULL),
(76, 19, 'Jueves', '2023-12-12 16:07:16', '2023-12-12 16:07:16', NULL),
(77, 19, 'Viernes', '2023-12-12 16:07:16', '2023-12-12 16:07:16', NULL),
(78, 2, 'Lunes', '2023-12-14 00:33:41', '2023-12-14 00:33:41', NULL),
(79, 2, 'Martes', '2023-12-14 00:33:41', '2023-12-14 00:33:41', NULL),
(80, 2, 'Miercoles', '2023-12-14 00:33:41', '2023-12-14 00:33:41', NULL),
(81, 2, 'Jueves', '2023-12-14 00:33:41', '2023-12-14 00:33:41', NULL),
(82, 2, 'Viernes', '2023-12-14 00:33:41', '2023-12-14 00:33:41', NULL),
(83, 26, 'Viernes', '2023-12-15 16:28:09', '2023-12-15 16:28:09', NULL),
(84, 29, 'Lunes', '2023-12-16 01:41:46', '2023-12-16 01:41:46', NULL),
(85, 29, 'Martes', '2023-12-16 01:41:46', '2023-12-16 01:41:46', NULL),
(86, 29, 'Miercoles', '2023-12-16 01:41:46', '2023-12-16 01:41:46', NULL),
(87, 29, 'Jueves', '2023-12-16 01:41:46', '2023-12-16 01:41:46', NULL),
(88, 29, 'Viernes', '2023-12-16 01:41:46', '2023-12-16 01:41:46', NULL),
(89, 42, 'Lunes', '2024-10-20 06:15:09', '2024-10-20 06:15:09', NULL),
(90, 42, 'Martes', '2024-10-20 06:15:10', '2024-10-20 06:15:10', NULL),
(91, 42, 'Miercoles', '2024-10-20 06:15:10', '2024-10-20 06:15:10', NULL),
(92, 42, 'Jueves', '2024-10-20 06:15:10', '2024-10-20 06:15:10', NULL),
(93, 42, 'Viernes', '2024-10-20 06:15:10', '2024-10-20 06:15:10', NULL),
(94, 47, 'Lunes', '2025-02-13 18:44:03', '2025-02-13 18:44:03', NULL),
(95, 47, 'Martes', '2025-02-13 18:44:03', '2025-02-13 18:44:03', NULL),
(96, 47, 'Miercoles', '2025-02-13 18:44:03', '2025-02-13 18:44:03', NULL),
(97, 47, 'Jueves', '2025-02-13 18:44:03', '2025-02-13 18:44:03', NULL),
(98, 47, 'Viernes', '2025-02-13 18:44:03', '2025-02-13 18:44:03', NULL);

-- --------------------------------------------------------

--
-- Estructura de tabla para la tabla `doctor_schedule_hours`
--

CREATE TABLE `doctor_schedule_hours` (
  `id` bigint(20) UNSIGNED NOT NULL,
  `hour_start` varchar(50) NOT NULL,
  `hour_end` varchar(50) NOT NULL,
  `hour` varchar(20) NOT NULL,
  `created_at` timestamp NULL DEFAULT NULL,
  `updated_at` timestamp NULL DEFAULT NULL,
  `deleted_at` timestamp NULL DEFAULT NULL
) ENGINE=InnoDB DEFAULT CHARSET=utf8mb4 COLLATE=utf8mb4_general_ci;

--
-- Volcado de datos para la tabla `doctor_schedule_hours`
--

INSERT INTO `doctor_schedule_hours` (`id`, `hour_start`, `hour_end`, `hour`, `created_at`, `updated_at`, `deleted_at`) VALUES
(1, '08:00:00', '08:15:00', '08', NULL, NULL, NULL),
(2, '08:15:00', '08:30:00', '08', NULL, NULL, NULL),
(3, '08:30:00', '08:45:00', '08', NULL, NULL, NULL),
(4, '08:45:00', '09:00:00', '08', NULL, NULL, NULL),
(5, '09:00:00', '09:15:00', '09', NULL, NULL, NULL),
(6, '09:15:00', '09:30:00', '09', NULL, NULL, NULL),
(7, '09:30:00', '09:45:00', '09', NULL, NULL, NULL),
(8, '09:45:00', '10:00:00', '09', NULL, NULL, NULL),
(9, '10:00:00', '10:15:00', '10', NULL, NULL, NULL),
(10, '10:15:00', '10:30:00', '10', NULL, NULL, NULL),
(11, '10:30:00', '10:45:00', '10', NULL, NULL, NULL),
(12, '10:45:00', '11:00:00', '10', NULL, NULL, NULL),
(13, '11:00:00', '11:15:00', '11', NULL, NULL, NULL),
(14, '11:15:00', '11:30:00', '11', NULL, NULL, NULL),
(15, '11:30:00', '11:45:00', '11', NULL, NULL, NULL),
(16, '11:45:00', '12:00:00', '11', NULL, NULL, NULL),
(17, '12:00:00', '12:15:00', '12', NULL, NULL, NULL),
(18, '12:15:00', '12:30:00', '12', NULL, NULL, NULL),
(19, '12:30:00', '12:45:00', '12', NULL, NULL, NULL),
(20, '12:45:00', '13:00:00', '12', NULL, NULL, NULL),
(21, '13:00:00', '13:15:00', '13', NULL, NULL, NULL),
(22, '13:15:00', '13:30:00', '13', NULL, NULL, NULL),
(23, '13:30:00', '13:45:00', '13', NULL, NULL, NULL),
(24, '13:45:00', '14:00:00', '13', NULL, NULL, NULL),
(25, '14:00:00', '14:15:00', '14', NULL, NULL, NULL),
(26, '14:15:00', '14:30:00', '14', NULL, NULL, NULL),
(27, '14:30:00', '14:45:00', '14', NULL, NULL, NULL),
(28, '14:45:00', '15:00:00', '14', NULL, NULL, NULL),
(29, '15:00:00', '15:15:00', '15', NULL, NULL, NULL),
(30, '15:15:00', '15:30:00', '15', NULL, NULL, NULL),
(31, '15:30:00', '15:45:00', '15', NULL, NULL, NULL),
(32, '15:45:00', '16:00:00', '15', NULL, NULL, NULL),
(33, '16:00:00', '16:15:00', '16', NULL, NULL, NULL),
(34, '16:15:00', '16:30:00', '16', NULL, NULL, NULL),
(35, '16:30:00', '16:45:00', '16', NULL, NULL, NULL),
(36, '16:45:00', '17:00:00', '16', NULL, NULL, NULL),
(37, '17:00:00', '17:15:00', '17', NULL, NULL, NULL),
(38, '17:15:00', '17:30:00', '17', NULL, NULL, NULL),
(39, '17:30:00', '17:45:00', '17', NULL, NULL, NULL),
(40, '17:45:00', '18:00:00', '17', NULL, NULL, NULL);

-- --------------------------------------------------------

--
-- Estructura de tabla para la tabla `doctor_schedule_join_hours`
--

CREATE TABLE `doctor_schedule_join_hours` (
  `id` bigint(20) UNSIGNED NOT NULL,
  `doctor_schedule_day_id` bigint(20) UNSIGNED NOT NULL,
  `doctor_schedule_hour_id` bigint(20) UNSIGNED NOT NULL,
  `created_at` timestamp NULL DEFAULT NULL,
  `updated_at` timestamp NULL DEFAULT NULL,
  `deleted_at` timestamp NULL DEFAULT NULL
) ENGINE=InnoDB DEFAULT CHARSET=utf8mb3 COLLATE=utf8mb3_general_ci;

--
-- Volcado de datos para la tabla `doctor_schedule_join_hours`
--

INSERT INTO `doctor_schedule_join_hours` (`id`, `doctor_schedule_day_id`, `doctor_schedule_hour_id`, `created_at`, `updated_at`, `deleted_at`) VALUES
(53, 15, 1, '2023-12-10 01:35:40', '2023-12-10 01:35:40', NULL),
(54, 15, 2, '2023-12-10 01:35:40', '2023-12-10 01:35:40', NULL),
(55, 15, 3, '2023-12-10 01:35:40', '2023-12-10 01:35:40', NULL),
(56, 15, 4, '2023-12-10 01:35:40', '2023-12-10 01:35:40', NULL),
(57, 16, 1, '2023-12-10 01:35:40', '2023-12-10 01:35:40', NULL),
(58, 16, 2, '2023-12-10 01:35:40', '2023-12-10 01:35:40', NULL),
(59, 16, 3, '2023-12-10 01:35:40', '2023-12-10 01:35:40', NULL),
(60, 16, 4, '2023-12-10 01:35:40', '2023-12-10 01:35:40', NULL),
(61, 17, 1, '2023-12-10 01:35:40', '2023-12-10 01:35:40', NULL),
(62, 17, 2, '2023-12-10 01:35:40', '2023-12-10 01:35:40', NULL),
(63, 17, 3, '2023-12-10 01:35:40', '2023-12-10 01:35:40', NULL),
(64, 17, 4, '2023-12-10 01:35:40', '2023-12-10 01:35:40', NULL),
(65, 18, 1, '2023-12-10 01:35:40', '2023-12-10 01:35:40', NULL),
(66, 18, 2, '2023-12-10 01:35:40', '2023-12-10 01:35:40', NULL),
(67, 18, 3, '2023-12-10 01:35:40', '2023-12-10 01:35:40', NULL),
(68, 18, 4, '2023-12-10 01:35:40', '2023-12-10 01:35:40', NULL),
(69, 19, 1, '2023-12-10 01:35:40', '2023-12-10 01:35:40', NULL),
(70, 19, 2, '2023-12-10 01:35:40', '2023-12-10 01:35:40', NULL),
(71, 19, 3, '2023-12-10 01:35:40', '2023-12-10 01:35:40', NULL),
(72, 19, 4, '2023-12-10 01:35:40', '2023-12-10 01:35:40', NULL),
(73, 20, 1, '2023-12-10 01:37:54', '2023-12-10 01:37:54', NULL),
(74, 20, 2, '2023-12-10 01:37:54', '2023-12-10 01:37:54', NULL),
(75, 20, 3, '2023-12-10 01:37:54', '2023-12-10 01:37:54', NULL),
(76, 20, 4, '2023-12-10 01:37:54', '2023-12-10 01:37:54', NULL),
(77, 21, 1, '2023-12-10 01:37:54', '2023-12-10 01:37:54', NULL),
(78, 21, 2, '2023-12-10 01:37:54', '2023-12-10 01:37:54', NULL),
(79, 21, 3, '2023-12-10 01:37:54', '2023-12-10 01:37:54', NULL),
(80, 21, 4, '2023-12-10 01:37:54', '2023-12-10 01:37:54', NULL),
(81, 22, 1, '2023-12-10 01:37:54', '2023-12-10 01:37:54', NULL),
(82, 22, 2, '2023-12-10 01:37:54', '2023-12-10 01:37:54', NULL),
(83, 22, 3, '2023-12-10 01:37:54', '2023-12-10 01:37:54', NULL),
(84, 22, 4, '2023-12-10 01:37:54', '2023-12-10 01:37:54', NULL),
(85, 23, 1, '2023-12-10 01:37:54', '2023-12-10 01:37:54', NULL),
(86, 23, 2, '2023-12-10 01:37:54', '2023-12-10 01:37:54', NULL),
(87, 23, 3, '2023-12-10 01:37:54', '2023-12-10 01:37:54', NULL),
(88, 23, 4, '2023-12-10 01:37:54', '2023-12-10 01:37:54', NULL),
(89, 24, 1, '2023-12-10 01:37:54', '2023-12-10 01:37:54', NULL),
(90, 24, 2, '2023-12-10 01:37:54', '2023-12-10 01:37:54', NULL),
(91, 24, 3, '2023-12-10 01:37:54', '2023-12-10 01:37:54', NULL),
(92, 24, 4, '2023-12-10 01:37:54', '2023-12-10 01:37:54', NULL),
(93, 25, 5, '2023-12-10 01:43:21', '2023-12-10 01:43:21', NULL),
(94, 25, 6, '2023-12-10 01:43:21', '2023-12-10 01:43:21', NULL),
(95, 25, 7, '2023-12-10 01:43:21', '2023-12-10 01:43:21', NULL),
(96, 25, 8, '2023-12-10 01:43:21', '2023-12-10 01:43:21', NULL),
(97, 26, 5, '2023-12-10 01:43:21', '2023-12-10 01:43:21', NULL),
(98, 26, 6, '2023-12-10 01:43:21', '2023-12-10 01:43:21', NULL),
(99, 26, 7, '2023-12-10 01:43:21', '2023-12-10 01:43:21', NULL),
(100, 26, 8, '2023-12-10 01:43:21', '2023-12-10 01:43:21', NULL),
(101, 27, 5, '2023-12-10 01:43:21', '2023-12-10 01:43:21', NULL),
(102, 27, 6, '2023-12-10 01:43:21', '2023-12-10 01:43:21', NULL),
(103, 27, 7, '2023-12-10 01:43:21', '2023-12-10 01:43:21', NULL),
(104, 27, 8, '2023-12-10 01:43:21', '2023-12-10 01:43:21', NULL),
(105, 28, 5, '2023-12-10 01:43:21', '2023-12-10 01:43:21', NULL),
(106, 28, 6, '2023-12-10 01:43:21', '2023-12-10 01:43:21', NULL),
(107, 28, 7, '2023-12-10 01:43:21', '2023-12-10 01:43:21', NULL),
(108, 28, 8, '2023-12-10 01:43:21', '2023-12-10 01:43:21', NULL),
(109, 29, 5, '2023-12-10 01:43:21', '2023-12-10 01:43:21', NULL),
(110, 29, 6, '2023-12-10 01:43:21', '2023-12-10 01:43:21', NULL),
(111, 29, 7, '2023-12-10 01:43:21', '2023-12-10 01:43:21', NULL),
(112, 29, 8, '2023-12-10 01:43:21', '2023-12-10 01:43:21', NULL),
(237, 50, 1, '2023-12-11 02:08:47', '2023-12-11 02:08:47', NULL),
(238, 50, 2, '2023-12-11 02:08:47', '2023-12-11 02:08:47', NULL),
(239, 50, 3, '2023-12-11 02:08:47', '2023-12-11 02:08:47', NULL),
(240, 50, 4, '2023-12-11 02:08:47', '2023-12-11 02:08:47', NULL),
(241, 50, 5, '2023-12-11 02:08:47', '2023-12-11 02:08:47', NULL),
(242, 50, 6, '2023-12-11 02:08:47', '2023-12-11 02:08:47', NULL),
(243, 50, 7, '2023-12-11 02:08:47', '2023-12-11 02:08:47', NULL),
(244, 50, 8, '2023-12-11 02:08:47', '2023-12-11 02:08:47', NULL),
(245, 50, 9, '2023-12-11 02:08:47', '2023-12-11 02:08:47', NULL),
(246, 50, 10, '2023-12-11 02:08:47', '2023-12-11 02:08:47', NULL),
(247, 50, 11, '2023-12-11 02:08:47', '2023-12-11 02:08:47', NULL),
(248, 50, 12, '2023-12-11 02:08:47', '2023-12-11 02:08:47', NULL),
(249, 51, 1, '2023-12-11 02:08:47', '2023-12-11 02:08:47', NULL),
(250, 51, 2, '2023-12-11 02:08:47', '2023-12-11 02:08:47', NULL),
(251, 51, 3, '2023-12-11 02:08:47', '2023-12-11 02:08:47', NULL),
(252, 51, 4, '2023-12-11 02:08:47', '2023-12-11 02:08:47', NULL),
(253, 51, 5, '2023-12-11 02:08:47', '2023-12-11 02:08:47', NULL),
(254, 51, 6, '2023-12-11 02:08:47', '2023-12-11 02:08:47', NULL),
(255, 51, 7, '2023-12-11 02:08:47', '2023-12-11 02:08:47', NULL),
(256, 51, 8, '2023-12-11 02:08:47', '2023-12-11 02:08:47', NULL),
(257, 51, 9, '2023-12-11 02:08:47', '2023-12-11 02:08:47', NULL),
(258, 51, 10, '2023-12-11 02:08:47', '2023-12-11 02:08:47', NULL),
(259, 51, 11, '2023-12-11 02:08:47', '2023-12-11 02:08:47', NULL),
(260, 51, 12, '2023-12-11 02:08:47', '2023-12-11 02:08:47', NULL),
(261, 52, 1, '2023-12-11 02:08:47', '2023-12-11 02:08:47', NULL),
(262, 52, 2, '2023-12-11 02:08:47', '2023-12-11 02:08:47', NULL),
(263, 52, 3, '2023-12-11 02:08:47', '2023-12-11 02:08:47', NULL),
(264, 52, 4, '2023-12-11 02:08:47', '2023-12-11 02:08:47', NULL),
(265, 52, 5, '2023-12-11 02:08:47', '2023-12-11 02:08:47', NULL),
(266, 52, 6, '2023-12-11 02:08:47', '2023-12-11 02:08:47', NULL),
(267, 52, 7, '2023-12-11 02:08:47', '2023-12-11 02:08:47', NULL),
(268, 52, 8, '2023-12-11 02:08:47', '2023-12-11 02:08:47', NULL),
(269, 52, 9, '2023-12-11 02:08:47', '2023-12-11 02:08:47', NULL),
(270, 52, 10, '2023-12-11 02:08:47', '2023-12-11 02:08:47', NULL),
(271, 52, 11, '2023-12-11 02:08:47', '2023-12-11 02:08:47', NULL),
(272, 52, 12, '2023-12-11 02:08:47', '2023-12-11 02:08:47', NULL),
(273, 53, 1, '2023-12-11 02:08:47', '2023-12-11 02:08:47', NULL),
(274, 53, 2, '2023-12-11 02:08:47', '2023-12-11 02:08:47', NULL),
(275, 53, 3, '2023-12-11 02:08:47', '2023-12-11 02:08:47', NULL),
(276, 53, 4, '2023-12-11 02:08:47', '2023-12-11 02:08:47', NULL),
(277, 53, 5, '2023-12-11 02:08:47', '2023-12-11 02:08:47', NULL),
(278, 53, 6, '2023-12-11 02:08:47', '2023-12-11 02:08:47', NULL),
(279, 53, 7, '2023-12-11 02:08:47', '2023-12-11 02:08:47', NULL),
(280, 53, 8, '2023-12-11 02:08:47', '2023-12-11 02:08:47', NULL),
(281, 53, 9, '2023-12-11 02:08:47', '2023-12-11 02:08:47', NULL),
(282, 53, 10, '2023-12-11 02:08:47', '2023-12-11 02:08:47', NULL),
(283, 53, 11, '2023-12-11 02:08:47', '2023-12-11 02:08:47', NULL),
(284, 53, 12, '2023-12-11 02:08:47', '2023-12-11 02:08:47', NULL),
(285, 54, 1, '2023-12-11 02:08:47', '2023-12-11 02:08:47', NULL),
(286, 54, 2, '2023-12-11 02:08:47', '2023-12-11 02:08:47', NULL),
(287, 54, 3, '2023-12-11 02:08:47', '2023-12-11 02:08:47', NULL),
(288, 54, 4, '2023-12-11 02:08:47', '2023-12-11 02:08:47', NULL),
(289, 54, 5, '2023-12-11 02:08:47', '2023-12-11 02:08:47', NULL),
(290, 54, 6, '2023-12-11 02:08:47', '2023-12-11 02:08:47', NULL),
(291, 54, 7, '2023-12-11 02:08:47', '2023-12-11 02:08:47', NULL),
(292, 54, 8, '2023-12-11 02:08:47', '2023-12-11 02:08:47', NULL),
(293, 54, 9, '2023-12-11 02:08:47', '2023-12-11 02:08:47', NULL),
(294, 54, 10, '2023-12-11 02:08:47', '2023-12-11 02:08:47', NULL),
(295, 54, 11, '2023-12-11 02:08:47', '2023-12-11 02:08:47', NULL),
(296, 54, 12, '2023-12-11 02:08:47', '2023-12-11 02:08:47', NULL),
(297, 55, 1, '2023-12-11 02:10:30', '2023-12-11 02:10:30', NULL),
(298, 55, 2, '2023-12-11 02:10:30', '2023-12-11 02:10:30', NULL),
(299, 55, 3, '2023-12-11 02:10:30', '2023-12-11 02:10:30', NULL),
(300, 55, 4, '2023-12-11 02:10:30', '2023-12-11 02:10:30', NULL),
(301, 55, 5, '2023-12-11 02:10:30', '2023-12-11 02:10:30', NULL),
(302, 55, 6, '2023-12-11 02:10:30', '2023-12-11 02:10:30', NULL),
(303, 55, 7, '2023-12-11 02:10:30', '2023-12-11 02:10:30', NULL),
(304, 55, 8, '2023-12-11 02:10:30', '2023-12-11 02:10:30', NULL),
(305, 56, 1, '2023-12-11 02:10:30', '2023-12-11 02:10:30', NULL),
(306, 56, 2, '2023-12-11 02:10:30', '2023-12-11 02:10:30', NULL),
(307, 56, 3, '2023-12-11 02:10:30', '2023-12-11 02:10:30', NULL),
(308, 56, 4, '2023-12-11 02:10:30', '2023-12-11 02:10:30', NULL),
(309, 56, 5, '2023-12-11 02:10:30', '2023-12-11 02:10:30', NULL),
(310, 56, 6, '2023-12-11 02:10:30', '2023-12-11 02:10:30', NULL),
(311, 56, 7, '2023-12-11 02:10:30', '2023-12-11 02:10:30', NULL),
(312, 56, 8, '2023-12-11 02:10:30', '2023-12-11 02:10:30', NULL),
(313, 57, 1, '2023-12-11 02:10:30', '2023-12-11 02:10:30', NULL),
(314, 57, 2, '2023-12-11 02:10:30', '2023-12-11 02:10:30', NULL),
(315, 57, 3, '2023-12-11 02:10:30', '2023-12-11 02:10:30', NULL),
(316, 57, 4, '2023-12-11 02:10:30', '2023-12-11 02:10:30', NULL),
(317, 57, 5, '2023-12-11 02:10:30', '2023-12-11 02:10:30', NULL),
(318, 57, 6, '2023-12-11 02:10:30', '2023-12-11 02:10:30', NULL),
(319, 57, 7, '2023-12-11 02:10:30', '2023-12-11 02:10:30', NULL),
(320, 57, 8, '2023-12-11 02:10:30', '2023-12-11 02:10:30', NULL),
(321, 58, 1, '2023-12-11 02:10:30', '2023-12-11 02:10:30', NULL),
(322, 58, 2, '2023-12-11 02:10:30', '2023-12-11 02:10:30', NULL),
(323, 58, 3, '2023-12-11 02:10:30', '2023-12-11 02:10:30', NULL),
(324, 58, 4, '2023-12-11 02:10:30', '2023-12-11 02:10:30', NULL),
(325, 58, 5, '2023-12-11 02:10:30', '2023-12-11 02:10:30', NULL),
(326, 58, 6, '2023-12-11 02:10:30', '2023-12-11 02:10:30', NULL),
(327, 58, 7, '2023-12-11 02:10:30', '2023-12-11 02:10:30', NULL),
(328, 58, 8, '2023-12-11 02:10:30', '2023-12-11 02:10:30', NULL),
(329, 59, 1, '2023-12-11 02:10:30', '2023-12-11 02:10:30', NULL),
(330, 59, 2, '2023-12-11 02:10:30', '2023-12-11 02:10:30', NULL),
(331, 59, 3, '2023-12-11 02:10:30', '2023-12-11 02:10:30', NULL),
(332, 59, 4, '2023-12-11 02:10:30', '2023-12-11 02:10:30', NULL),
(333, 59, 5, '2023-12-11 02:10:30', '2023-12-11 02:10:30', NULL),
(334, 59, 6, '2023-12-11 02:10:30', '2023-12-11 02:10:30', NULL),
(335, 59, 7, '2023-12-11 02:10:30', '2023-12-11 02:10:30', NULL),
(336, 59, 8, '2023-12-11 02:10:30', '2023-12-11 02:10:30', NULL),
(337, 60, 9, '2023-12-12 16:06:01', '2023-12-12 16:06:01', NULL),
(338, 60, 10, '2023-12-12 16:06:01', '2023-12-12 16:06:01', NULL),
(339, 60, 11, '2023-12-12 16:06:01', '2023-12-12 16:06:01', NULL),
(340, 60, 12, '2023-12-12 16:06:01', '2023-12-12 16:06:01', NULL),
(341, 61, 13, '2023-12-12 16:06:01', '2023-12-12 16:06:01', NULL),
(342, 61, 14, '2023-12-12 16:06:01', '2023-12-12 16:06:01', NULL),
(343, 61, 15, '2023-12-12 16:06:01', '2023-12-12 16:06:01', NULL),
(344, 61, 16, '2023-12-12 16:06:01', '2023-12-12 16:06:01', NULL),
(345, 62, 13, '2023-12-12 16:06:01', '2023-12-12 16:06:01', NULL),
(346, 62, 14, '2023-12-12 16:06:01', '2023-12-12 16:06:01', NULL),
(347, 62, 15, '2023-12-12 16:06:01', '2023-12-12 16:06:01', NULL),
(348, 62, 16, '2023-12-12 16:06:01', '2023-12-12 16:06:01', NULL),
(349, 63, 1, '2023-12-12 16:06:29', '2023-12-12 16:06:29', NULL),
(350, 63, 2, '2023-12-12 16:06:29', '2023-12-12 16:06:29', NULL),
(351, 63, 3, '2023-12-12 16:06:29', '2023-12-12 16:06:29', NULL),
(352, 63, 4, '2023-12-12 16:06:29', '2023-12-12 16:06:29', NULL),
(353, 64, 1, '2023-12-12 16:06:29', '2023-12-12 16:06:29', NULL),
(354, 64, 2, '2023-12-12 16:06:29', '2023-12-12 16:06:29', NULL),
(355, 64, 3, '2023-12-12 16:06:29', '2023-12-12 16:06:29', NULL),
(356, 64, 4, '2023-12-12 16:06:29', '2023-12-12 16:06:29', NULL),
(357, 65, 1, '2023-12-12 16:06:29', '2023-12-12 16:06:29', NULL),
(358, 65, 2, '2023-12-12 16:06:29', '2023-12-12 16:06:29', NULL),
(359, 65, 3, '2023-12-12 16:06:29', '2023-12-12 16:06:29', NULL),
(360, 65, 4, '2023-12-12 16:06:29', '2023-12-12 16:06:29', NULL),
(361, 66, 1, '2023-12-12 16:06:29', '2023-12-12 16:06:29', NULL),
(362, 66, 2, '2023-12-12 16:06:29', '2023-12-12 16:06:29', NULL),
(363, 66, 3, '2023-12-12 16:06:29', '2023-12-12 16:06:29', NULL),
(364, 66, 4, '2023-12-12 16:06:29', '2023-12-12 16:06:29', NULL),
(365, 67, 1, '2023-12-12 16:06:29', '2023-12-12 16:06:29', NULL),
(366, 67, 2, '2023-12-12 16:06:29', '2023-12-12 16:06:29', NULL),
(367, 67, 3, '2023-12-12 16:06:29', '2023-12-12 16:06:29', NULL),
(368, 67, 4, '2023-12-12 16:06:29', '2023-12-12 16:06:29', NULL),
(369, 68, 1, '2023-12-12 16:06:50', '2023-12-12 16:06:50', NULL),
(370, 68, 2, '2023-12-12 16:06:50', '2023-12-12 16:06:50', NULL),
(371, 68, 3, '2023-12-12 16:06:50', '2023-12-12 16:06:50', NULL),
(372, 68, 4, '2023-12-12 16:06:50', '2023-12-12 16:06:50', NULL),
(373, 68, 5, '2023-12-12 16:06:50', '2023-12-12 16:06:50', NULL),
(374, 68, 6, '2023-12-12 16:06:50', '2023-12-12 16:06:50', NULL),
(375, 68, 7, '2023-12-12 16:06:50', '2023-12-12 16:06:50', NULL),
(376, 68, 8, '2023-12-12 16:06:50', '2023-12-12 16:06:50', NULL),
(377, 68, 9, '2023-12-12 16:06:50', '2023-12-12 16:06:50', NULL),
(378, 68, 10, '2023-12-12 16:06:50', '2023-12-12 16:06:50', NULL),
(379, 68, 11, '2023-12-12 16:06:50', '2023-12-12 16:06:50', NULL),
(380, 68, 12, '2023-12-12 16:06:50', '2023-12-12 16:06:50', NULL),
(381, 68, 13, '2023-12-12 16:06:50', '2023-12-12 16:06:50', NULL),
(382, 68, 14, '2023-12-12 16:06:50', '2023-12-12 16:06:50', NULL),
(383, 68, 15, '2023-12-12 16:06:50', '2023-12-12 16:06:50', NULL),
(384, 68, 16, '2023-12-12 16:06:50', '2023-12-12 16:06:50', NULL),
(385, 69, 17, '2023-12-12 16:06:50', '2023-12-12 16:06:50', NULL),
(386, 69, 18, '2023-12-12 16:06:50', '2023-12-12 16:06:50', NULL),
(387, 69, 19, '2023-12-12 16:06:50', '2023-12-12 16:06:50', NULL),
(388, 69, 20, '2023-12-12 16:06:50', '2023-12-12 16:06:50', NULL),
(389, 69, 21, '2023-12-12 16:06:50', '2023-12-12 16:06:50', NULL),
(390, 69, 22, '2023-12-12 16:06:50', '2023-12-12 16:06:50', NULL),
(391, 69, 23, '2023-12-12 16:06:50', '2023-12-12 16:06:50', NULL),
(392, 69, 24, '2023-12-12 16:06:50', '2023-12-12 16:06:50', NULL),
(393, 69, 25, '2023-12-12 16:06:50', '2023-12-12 16:06:50', NULL),
(394, 69, 26, '2023-12-12 16:06:50', '2023-12-12 16:06:50', NULL),
(395, 69, 27, '2023-12-12 16:06:50', '2023-12-12 16:06:50', NULL),
(396, 69, 28, '2023-12-12 16:06:50', '2023-12-12 16:06:50', NULL),
(397, 69, 29, '2023-12-12 16:06:50', '2023-12-12 16:06:50', NULL),
(398, 69, 30, '2023-12-12 16:06:50', '2023-12-12 16:06:50', NULL),
(399, 69, 31, '2023-12-12 16:06:50', '2023-12-12 16:06:50', NULL),
(400, 69, 32, '2023-12-12 16:06:50', '2023-12-12 16:06:50', NULL),
(401, 70, 33, '2023-12-12 16:06:50', '2023-12-12 16:06:50', NULL),
(402, 70, 34, '2023-12-12 16:06:50', '2023-12-12 16:06:50', NULL),
(403, 70, 35, '2023-12-12 16:06:50', '2023-12-12 16:06:50', NULL),
(404, 70, 36, '2023-12-12 16:06:50', '2023-12-12 16:06:50', NULL),
(405, 71, 33, '2023-12-12 16:06:50', '2023-12-12 16:06:50', NULL),
(406, 71, 34, '2023-12-12 16:06:50', '2023-12-12 16:06:50', NULL),
(407, 71, 35, '2023-12-12 16:06:50', '2023-12-12 16:06:50', NULL),
(408, 71, 36, '2023-12-12 16:06:50', '2023-12-12 16:06:50', NULL),
(409, 72, 33, '2023-12-12 16:06:50', '2023-12-12 16:06:50', NULL),
(410, 72, 34, '2023-12-12 16:06:50', '2023-12-12 16:06:50', NULL),
(411, 72, 35, '2023-12-12 16:06:50', '2023-12-12 16:06:50', NULL),
(412, 72, 36, '2023-12-12 16:06:50', '2023-12-12 16:06:50', NULL),
(413, 73, 1, '2023-12-12 16:07:16', '2023-12-12 16:07:16', NULL),
(414, 73, 2, '2023-12-12 16:07:16', '2023-12-12 16:07:16', NULL),
(415, 73, 3, '2023-12-12 16:07:16', '2023-12-12 16:07:16', NULL),
(416, 73, 4, '2023-12-12 16:07:16', '2023-12-12 16:07:16', NULL),
(417, 73, 5, '2023-12-12 16:07:16', '2023-12-12 16:07:16', NULL),
(418, 73, 6, '2023-12-12 16:07:16', '2023-12-12 16:07:16', NULL),
(419, 73, 7, '2023-12-12 16:07:16', '2023-12-12 16:07:16', NULL),
(420, 73, 8, '2023-12-12 16:07:16', '2023-12-12 16:07:16', NULL),
(421, 74, 1, '2023-12-12 16:07:16', '2023-12-12 16:07:16', NULL),
(422, 74, 2, '2023-12-12 16:07:16', '2023-12-12 16:07:16', NULL),
(423, 74, 3, '2023-12-12 16:07:16', '2023-12-12 16:07:16', NULL),
(424, 74, 4, '2023-12-12 16:07:16', '2023-12-12 16:07:16', NULL),
(425, 74, 5, '2023-12-12 16:07:16', '2023-12-12 16:07:16', NULL),
(426, 74, 6, '2023-12-12 16:07:16', '2023-12-12 16:07:16', NULL),
(427, 74, 7, '2023-12-12 16:07:16', '2023-12-12 16:07:16', NULL),
(428, 74, 8, '2023-12-12 16:07:16', '2023-12-12 16:07:16', NULL),
(429, 75, 1, '2023-12-12 16:07:16', '2023-12-12 16:07:16', NULL),
(430, 75, 2, '2023-12-12 16:07:16', '2023-12-12 16:07:16', NULL),
(431, 75, 3, '2023-12-12 16:07:16', '2023-12-12 16:07:16', NULL),
(432, 75, 4, '2023-12-12 16:07:16', '2023-12-12 16:07:16', NULL),
(433, 75, 5, '2023-12-12 16:07:16', '2023-12-12 16:07:16', NULL),
(434, 75, 6, '2023-12-12 16:07:16', '2023-12-12 16:07:16', NULL),
(435, 75, 7, '2023-12-12 16:07:16', '2023-12-12 16:07:16', NULL),
(436, 75, 8, '2023-12-12 16:07:16', '2023-12-12 16:07:16', NULL),
(437, 76, 1, '2023-12-12 16:07:16', '2023-12-12 16:07:16', NULL),
(438, 76, 2, '2023-12-12 16:07:16', '2023-12-12 16:07:16', NULL),
(439, 76, 3, '2023-12-12 16:07:16', '2023-12-12 16:07:16', NULL),
(440, 76, 4, '2023-12-12 16:07:16', '2023-12-12 16:07:16', NULL),
(441, 76, 5, '2023-12-12 16:07:16', '2023-12-12 16:07:16', NULL),
(442, 76, 6, '2023-12-12 16:07:16', '2023-12-12 16:07:16', NULL),
(443, 76, 7, '2023-12-12 16:07:16', '2023-12-12 16:07:16', NULL),
(444, 76, 8, '2023-12-12 16:07:16', '2023-12-12 16:07:16', NULL),
(445, 77, 1, '2023-12-12 16:07:16', '2023-12-12 16:07:16', NULL),
(446, 77, 2, '2023-12-12 16:07:16', '2023-12-12 16:07:16', NULL),
(447, 77, 3, '2023-12-12 16:07:16', '2023-12-12 16:07:16', NULL),
(448, 77, 4, '2023-12-12 16:07:16', '2023-12-12 16:07:16', NULL),
(449, 77, 5, '2023-12-12 16:07:16', '2023-12-12 16:07:16', NULL),
(450, 77, 6, '2023-12-12 16:07:16', '2023-12-12 16:07:16', NULL),
(451, 77, 7, '2023-12-12 16:07:16', '2023-12-12 16:07:16', NULL),
(452, 77, 8, '2023-12-12 16:07:16', '2023-12-12 16:07:16', NULL),
(453, 78, 1, '2023-12-14 00:33:41', '2023-12-14 00:33:41', NULL),
(454, 78, 2, '2023-12-14 00:33:41', '2023-12-14 00:33:41', NULL),
(455, 78, 3, '2023-12-14 00:33:41', '2023-12-14 00:33:41', NULL),
(456, 78, 4, '2023-12-14 00:33:41', '2023-12-14 00:33:41', NULL),
(457, 78, 5, '2023-12-14 00:33:41', '2023-12-14 00:33:41', NULL),
(458, 78, 6, '2023-12-14 00:33:41', '2023-12-14 00:33:41', NULL),
(459, 78, 7, '2023-12-14 00:33:41', '2023-12-14 00:33:41', NULL),
(460, 78, 8, '2023-12-14 00:33:41', '2023-12-14 00:33:41', NULL),
(461, 79, 1, '2023-12-14 00:33:41', '2023-12-14 00:33:41', NULL),
(462, 79, 2, '2023-12-14 00:33:41', '2023-12-14 00:33:41', NULL),
(463, 79, 3, '2023-12-14 00:33:41', '2023-12-14 00:33:41', NULL),
(464, 79, 4, '2023-12-14 00:33:41', '2023-12-14 00:33:41', NULL),
(465, 79, 5, '2023-12-14 00:33:41', '2023-12-14 00:33:41', NULL),
(466, 79, 6, '2023-12-14 00:33:41', '2023-12-14 00:33:41', NULL),
(467, 79, 7, '2023-12-14 00:33:41', '2023-12-14 00:33:41', NULL),
(468, 79, 8, '2023-12-14 00:33:41', '2023-12-14 00:33:41', NULL),
(469, 80, 1, '2023-12-14 00:33:41', '2023-12-14 00:33:41', NULL),
(470, 80, 2, '2023-12-14 00:33:41', '2023-12-14 00:33:41', NULL),
(471, 80, 3, '2023-12-14 00:33:41', '2023-12-14 00:33:41', NULL),
(472, 80, 4, '2023-12-14 00:33:41', '2023-12-14 00:33:41', NULL),
(473, 80, 5, '2023-12-14 00:33:41', '2023-12-14 00:33:41', NULL),
(474, 80, 6, '2023-12-14 00:33:41', '2023-12-14 00:33:41', NULL),
(475, 80, 7, '2023-12-14 00:33:41', '2023-12-14 00:33:41', NULL),
(476, 80, 8, '2023-12-14 00:33:41', '2023-12-14 00:33:41', NULL),
(477, 81, 1, '2023-12-14 00:33:41', '2023-12-14 00:33:41', NULL),
(478, 81, 2, '2023-12-14 00:33:41', '2023-12-14 00:33:41', NULL),
(479, 81, 3, '2023-12-14 00:33:41', '2023-12-14 00:33:41', NULL),
(480, 81, 4, '2023-12-14 00:33:41', '2023-12-14 00:33:41', NULL),
(481, 81, 5, '2023-12-14 00:33:41', '2023-12-14 00:33:41', NULL),
(482, 81, 6, '2023-12-14 00:33:41', '2023-12-14 00:33:41', NULL),
(483, 81, 7, '2023-12-14 00:33:41', '2023-12-14 00:33:41', NULL),
(484, 81, 8, '2023-12-14 00:33:41', '2023-12-14 00:33:41', NULL),
(485, 82, 1, '2023-12-14 00:33:41', '2023-12-14 00:33:41', NULL),
(486, 82, 2, '2023-12-14 00:33:41', '2023-12-14 00:33:41', NULL),
(487, 82, 3, '2023-12-14 00:33:41', '2023-12-14 00:33:41', NULL),
(488, 82, 4, '2023-12-14 00:33:41', '2023-12-14 00:33:41', NULL),
(489, 82, 5, '2023-12-14 00:33:41', '2023-12-14 00:33:41', NULL),
(490, 82, 6, '2023-12-14 00:33:41', '2023-12-14 00:33:41', NULL),
(491, 82, 7, '2023-12-14 00:33:41', '2023-12-14 00:33:41', NULL),
(492, 82, 8, '2023-12-14 00:33:41', '2023-12-14 00:33:41', NULL),
(493, 83, 21, '2023-12-15 16:28:09', '2023-12-15 16:28:09', NULL),
(494, 83, 22, '2023-12-15 16:28:09', '2023-12-15 16:28:09', NULL),
(495, 83, 23, '2023-12-15 16:28:09', '2023-12-15 16:28:09', NULL),
(496, 83, 24, '2023-12-15 16:28:09', '2023-12-15 16:28:09', NULL),
(497, 83, 25, '2023-12-15 16:28:09', '2023-12-15 16:28:09', NULL),
(498, 83, 26, '2023-12-15 16:28:09', '2023-12-15 16:28:09', NULL),
(499, 83, 27, '2023-12-15 16:28:09', '2023-12-15 16:28:09', NULL),
(500, 83, 28, '2023-12-15 16:28:09', '2023-12-15 16:28:09', NULL),
(501, 84, 1, '2023-12-16 01:41:46', '2023-12-16 01:41:46', NULL),
(502, 84, 2, '2023-12-16 01:41:46', '2023-12-16 01:41:46', NULL),
(503, 84, 3, '2023-12-16 01:41:46', '2023-12-16 01:41:46', NULL),
(504, 84, 4, '2023-12-16 01:41:46', '2023-12-16 01:41:46', NULL),
(505, 84, 5, '2023-12-16 01:41:46', '2023-12-16 01:41:46', NULL),
(506, 84, 6, '2023-12-16 01:41:46', '2023-12-16 01:41:46', NULL),
(507, 84, 7, '2023-12-16 01:41:46', '2023-12-16 01:41:46', NULL),
(508, 84, 8, '2023-12-16 01:41:46', '2023-12-16 01:41:46', NULL),
(509, 84, 9, '2023-12-16 01:41:46', '2023-12-16 01:41:46', NULL),
(510, 84, 10, '2023-12-16 01:41:46', '2023-12-16 01:41:46', NULL),
(511, 84, 11, '2023-12-16 01:41:46', '2023-12-16 01:41:46', NULL),
(512, 84, 12, '2023-12-16 01:41:46', '2023-12-16 01:41:46', NULL),
(513, 84, 13, '2023-12-16 01:41:46', '2023-12-16 01:41:46', NULL),
(514, 84, 14, '2023-12-16 01:41:46', '2023-12-16 01:41:46', NULL),
(515, 84, 15, '2023-12-16 01:41:46', '2023-12-16 01:41:46', NULL),
(516, 84, 16, '2023-12-16 01:41:46', '2023-12-16 01:41:46', NULL),
(517, 85, 1, '2023-12-16 01:41:46', '2023-12-16 01:41:46', NULL),
(518, 85, 2, '2023-12-16 01:41:46', '2023-12-16 01:41:46', NULL),
(519, 85, 3, '2023-12-16 01:41:46', '2023-12-16 01:41:46', NULL),
(520, 85, 4, '2023-12-16 01:41:46', '2023-12-16 01:41:46', NULL),
(521, 85, 5, '2023-12-16 01:41:46', '2023-12-16 01:41:46', NULL),
(522, 85, 6, '2023-12-16 01:41:46', '2023-12-16 01:41:46', NULL),
(523, 85, 7, '2023-12-16 01:41:46', '2023-12-16 01:41:46', NULL),
(524, 85, 8, '2023-12-16 01:41:46', '2023-12-16 01:41:46', NULL),
(525, 85, 9, '2023-12-16 01:41:46', '2023-12-16 01:41:46', NULL),
(526, 85, 10, '2023-12-16 01:41:46', '2023-12-16 01:41:46', NULL),
(527, 85, 11, '2023-12-16 01:41:46', '2023-12-16 01:41:46', NULL),
(528, 85, 12, '2023-12-16 01:41:46', '2023-12-16 01:41:46', NULL),
(529, 85, 13, '2023-12-16 01:41:46', '2023-12-16 01:41:46', NULL),
(530, 85, 14, '2023-12-16 01:41:46', '2023-12-16 01:41:46', NULL),
(531, 85, 15, '2023-12-16 01:41:46', '2023-12-16 01:41:46', NULL),
(532, 85, 16, '2023-12-16 01:41:46', '2023-12-16 01:41:46', NULL),
(533, 86, 1, '2023-12-16 01:41:46', '2023-12-16 01:41:46', NULL),
(534, 86, 2, '2023-12-16 01:41:46', '2023-12-16 01:41:46', NULL),
(535, 86, 3, '2023-12-16 01:41:46', '2023-12-16 01:41:46', NULL),
(536, 86, 4, '2023-12-16 01:41:46', '2023-12-16 01:41:46', NULL),
(537, 86, 5, '2023-12-16 01:41:46', '2023-12-16 01:41:46', NULL),
(538, 86, 6, '2023-12-16 01:41:46', '2023-12-16 01:41:46', NULL),
(539, 86, 7, '2023-12-16 01:41:46', '2023-12-16 01:41:46', NULL),
(540, 86, 8, '2023-12-16 01:41:46', '2023-12-16 01:41:46', NULL),
(541, 86, 9, '2023-12-16 01:41:46', '2023-12-16 01:41:46', NULL),
(542, 86, 10, '2023-12-16 01:41:46', '2023-12-16 01:41:46', NULL),
(543, 86, 11, '2023-12-16 01:41:46', '2023-12-16 01:41:46', NULL),
(544, 86, 12, '2023-12-16 01:41:46', '2023-12-16 01:41:46', NULL),
(545, 86, 13, '2023-12-16 01:41:46', '2023-12-16 01:41:46', NULL),
(546, 86, 14, '2023-12-16 01:41:46', '2023-12-16 01:41:46', NULL),
(547, 86, 15, '2023-12-16 01:41:46', '2023-12-16 01:41:46', NULL),
(548, 86, 16, '2023-12-16 01:41:46', '2023-12-16 01:41:46', NULL),
(549, 87, 1, '2023-12-16 01:41:46', '2023-12-16 01:41:46', NULL),
(550, 87, 2, '2023-12-16 01:41:46', '2023-12-16 01:41:46', NULL),
(551, 87, 3, '2023-12-16 01:41:46', '2023-12-16 01:41:46', NULL),
(552, 87, 4, '2023-12-16 01:41:46', '2023-12-16 01:41:46', NULL),
(553, 87, 5, '2023-12-16 01:41:46', '2023-12-16 01:41:46', NULL),
(554, 87, 6, '2023-12-16 01:41:46', '2023-12-16 01:41:46', NULL),
(555, 87, 7, '2023-12-16 01:41:46', '2023-12-16 01:41:46', NULL),
(556, 87, 8, '2023-12-16 01:41:46', '2023-12-16 01:41:46', NULL),
(557, 87, 9, '2023-12-16 01:41:46', '2023-12-16 01:41:46', NULL),
(558, 87, 10, '2023-12-16 01:41:46', '2023-12-16 01:41:46', NULL),
(559, 87, 11, '2023-12-16 01:41:46', '2023-12-16 01:41:46', NULL),
(560, 87, 12, '2023-12-16 01:41:46', '2023-12-16 01:41:46', NULL),
(561, 87, 13, '2023-12-16 01:41:46', '2023-12-16 01:41:46', NULL),
(562, 87, 14, '2023-12-16 01:41:46', '2023-12-16 01:41:46', NULL),
(563, 87, 15, '2023-12-16 01:41:46', '2023-12-16 01:41:46', NULL),
(564, 87, 16, '2023-12-16 01:41:46', '2023-12-16 01:41:46', NULL),
(565, 88, 1, '2023-12-16 01:41:46', '2023-12-16 01:41:46', NULL),
(566, 88, 2, '2023-12-16 01:41:46', '2023-12-16 01:41:46', NULL),
(567, 88, 3, '2023-12-16 01:41:46', '2023-12-16 01:41:46', NULL),
(568, 88, 4, '2023-12-16 01:41:46', '2023-12-16 01:41:46', NULL),
(569, 88, 5, '2023-12-16 01:41:46', '2023-12-16 01:41:46', NULL),
(570, 88, 6, '2023-12-16 01:41:46', '2023-12-16 01:41:46', NULL),
(571, 88, 7, '2023-12-16 01:41:46', '2023-12-16 01:41:46', NULL),
(572, 88, 8, '2023-12-16 01:41:46', '2023-12-16 01:41:46', NULL),
(573, 88, 9, '2023-12-16 01:41:46', '2023-12-16 01:41:46', NULL),
(574, 88, 10, '2023-12-16 01:41:46', '2023-12-16 01:41:46', NULL),
(575, 88, 11, '2023-12-16 01:41:46', '2023-12-16 01:41:46', NULL),
(576, 88, 12, '2023-12-16 01:41:46', '2023-12-16 01:41:46', NULL),
(577, 88, 13, '2023-12-16 01:41:46', '2023-12-16 01:41:46', NULL),
(578, 88, 14, '2023-12-16 01:41:46', '2023-12-16 01:41:46', NULL),
(579, 88, 15, '2023-12-16 01:41:46', '2023-12-16 01:41:46', NULL),
(580, 88, 16, '2023-12-16 01:41:46', '2023-12-16 01:41:46', NULL),
(581, 15, 5, '2024-05-14 00:26:54', '2024-05-14 00:26:54', NULL),
(582, 15, 6, '2024-05-14 00:26:54', '2024-05-14 00:26:54', NULL),
(583, 15, 7, '2024-05-14 00:26:54', '2024-05-14 00:26:54', NULL),
(584, 15, 8, '2024-05-14 00:26:54', '2024-05-14 00:26:54', NULL),
(585, 15, 9, '2024-05-14 00:26:54', '2024-05-14 00:26:54', NULL),
(586, 15, 10, '2024-05-14 00:26:54', '2024-05-14 00:26:54', NULL),
(587, 15, 11, '2024-05-14 00:26:54', '2024-05-14 00:26:54', NULL),
(588, 15, 12, '2024-05-14 00:26:54', '2024-05-14 00:26:54', NULL),
(589, 15, 25, '2024-05-14 00:26:54', '2024-05-14 00:26:54', NULL),
(590, 15, 26, '2024-05-14 00:26:54', '2024-05-14 00:26:54', NULL),
(591, 15, 27, '2024-05-14 00:26:54', '2024-05-14 00:26:54', NULL),
(592, 15, 28, '2024-05-14 00:26:54', '2024-05-14 00:26:54', NULL),
(593, 15, 29, '2024-05-14 00:26:54', '2024-05-14 00:26:54', NULL),
(594, 15, 30, '2024-05-14 00:26:54', '2024-05-14 00:26:54', NULL),
(595, 15, 31, '2024-05-14 00:26:54', '2024-05-14 00:26:54', NULL),
(596, 15, 32, '2024-05-14 00:26:54', '2024-05-14 00:26:54', NULL),
(597, 16, 5, '2024-05-14 00:26:54', '2024-05-14 00:26:54', NULL),
(598, 16, 6, '2024-05-14 00:26:54', '2024-05-14 00:26:54', NULL),
(599, 16, 7, '2024-05-14 00:26:54', '2024-05-14 00:26:54', NULL),
(600, 16, 8, '2024-05-14 00:26:54', '2024-05-14 00:26:54', NULL),
(601, 16, 9, '2024-05-14 00:26:54', '2024-05-14 00:26:54', NULL),
(602, 16, 10, '2024-05-14 00:26:54', '2024-05-14 00:26:54', NULL),
(603, 16, 11, '2024-05-14 00:26:54', '2024-05-14 00:26:54', NULL),
(604, 16, 12, '2024-05-14 00:26:54', '2024-05-14 00:26:54', NULL),
(605, 16, 25, '2024-05-14 00:26:54', '2024-05-14 00:26:54', NULL),
(606, 16, 26, '2024-05-14 00:26:54', '2024-05-14 00:26:54', NULL),
(607, 16, 27, '2024-05-14 00:26:54', '2024-05-14 00:26:54', NULL),
(608, 16, 28, '2024-05-14 00:26:54', '2024-05-14 00:26:54', NULL),
(609, 16, 29, '2024-05-14 00:26:54', '2024-05-14 00:26:54', NULL),
(610, 16, 30, '2024-05-14 00:26:54', '2024-05-14 00:26:54', NULL),
(611, 16, 31, '2024-05-14 00:26:54', '2024-05-14 00:26:54', NULL),
(612, 16, 32, '2024-05-14 00:26:54', '2024-05-14 00:26:54', NULL),
(613, 17, 5, '2024-05-14 00:26:54', '2024-05-14 00:26:54', NULL),
(614, 17, 6, '2024-05-14 00:26:54', '2024-05-14 00:26:54', NULL),
(615, 17, 7, '2024-05-14 00:26:54', '2024-05-14 00:26:54', NULL),
(616, 17, 8, '2024-05-14 00:26:54', '2024-05-14 00:26:54', NULL),
(617, 17, 9, '2024-05-14 00:26:54', '2024-05-14 00:26:54', NULL),
(618, 17, 10, '2024-05-14 00:26:54', '2024-05-14 00:26:54', NULL),
(619, 17, 11, '2024-05-14 00:26:54', '2024-05-14 00:26:54', NULL),
(620, 17, 12, '2024-05-14 00:26:54', '2024-05-14 00:26:54', NULL),
(621, 17, 25, '2024-05-14 00:26:54', '2024-05-14 00:26:54', NULL),
(622, 17, 26, '2024-05-14 00:26:54', '2024-05-14 00:26:54', NULL),
(623, 17, 27, '2024-05-14 00:26:54', '2024-05-14 00:26:54', NULL),
(624, 17, 28, '2024-05-14 00:26:54', '2024-05-14 00:26:54', NULL),
(625, 17, 29, '2024-05-14 00:26:54', '2024-05-14 00:26:54', NULL),
(626, 17, 30, '2024-05-14 00:26:54', '2024-05-14 00:26:54', NULL),
(627, 17, 31, '2024-05-14 00:26:54', '2024-05-14 00:26:54', NULL),
(628, 17, 32, '2024-05-14 00:26:54', '2024-05-14 00:26:54', NULL),
(629, 18, 5, '2024-05-14 00:26:54', '2024-05-14 00:26:54', NULL),
(630, 18, 6, '2024-05-14 00:26:54', '2024-05-14 00:26:54', NULL),
(631, 18, 7, '2024-05-14 00:26:54', '2024-05-14 00:26:54', NULL),
(632, 18, 8, '2024-05-14 00:26:54', '2024-05-14 00:26:54', NULL),
(633, 18, 9, '2024-05-14 00:26:54', '2024-05-14 00:26:54', NULL),
(634, 18, 10, '2024-05-14 00:26:54', '2024-05-14 00:26:54', NULL),
(635, 18, 11, '2024-05-14 00:26:54', '2024-05-14 00:26:54', NULL),
(636, 18, 12, '2024-05-14 00:26:54', '2024-05-14 00:26:54', NULL),
(637, 18, 25, '2024-05-14 00:26:54', '2024-05-14 00:26:54', NULL),
(638, 18, 26, '2024-05-14 00:26:54', '2024-05-14 00:26:54', NULL),
(639, 18, 27, '2024-05-14 00:26:54', '2024-05-14 00:26:54', NULL),
(640, 18, 28, '2024-05-14 00:26:54', '2024-05-14 00:26:54', NULL),
(641, 18, 29, '2024-05-14 00:26:54', '2024-05-14 00:26:54', NULL),
(642, 18, 30, '2024-05-14 00:26:54', '2024-05-14 00:26:54', NULL),
(643, 18, 31, '2024-05-14 00:26:54', '2024-05-14 00:26:54', NULL),
(644, 18, 32, '2024-05-14 00:26:54', '2024-05-14 00:26:54', NULL),
(645, 19, 5, '2024-05-14 00:26:54', '2024-05-14 00:26:54', NULL),
(646, 19, 6, '2024-05-14 00:26:54', '2024-05-14 00:26:54', NULL),
(647, 19, 7, '2024-05-14 00:26:54', '2024-05-14 00:26:54', NULL),
(648, 19, 8, '2024-05-14 00:26:54', '2024-05-14 00:26:54', NULL),
(649, 19, 9, '2024-05-14 00:26:54', '2024-05-14 00:26:54', NULL),
(650, 19, 10, '2024-05-14 00:26:54', '2024-05-14 00:26:54', NULL),
(651, 19, 11, '2024-05-14 00:26:54', '2024-05-14 00:26:54', NULL),
(652, 19, 12, '2024-05-14 00:26:54', '2024-05-14 00:26:54', NULL),
(653, 19, 25, '2024-05-14 00:26:54', '2024-05-14 00:26:54', NULL),
(654, 19, 26, '2024-05-14 00:26:54', '2024-05-14 00:26:54', NULL),
(655, 19, 27, '2024-05-14 00:26:54', '2024-05-14 00:26:54', NULL),
(656, 19, 28, '2024-05-14 00:26:54', '2024-05-14 00:26:54', NULL),
(657, 19, 29, '2024-05-14 00:26:54', '2024-05-14 00:26:54', NULL),
(658, 19, 30, '2024-05-14 00:26:54', '2024-05-14 00:26:54', NULL),
(659, 19, 31, '2024-05-14 00:26:54', '2024-05-14 00:26:54', NULL),
(660, 19, 32, '2024-05-14 00:26:54', '2024-05-14 00:26:54', NULL),
(661, 73, 9, '2024-10-19 23:42:59', '2024-10-19 23:42:59', NULL),
(662, 73, 10, '2024-10-19 23:42:59', '2024-10-19 23:42:59', NULL),
(663, 73, 11, '2024-10-19 23:42:59', '2024-10-19 23:42:59', NULL),
(664, 73, 12, '2024-10-19 23:42:59', '2024-10-19 23:42:59', NULL),
(665, 73, 21, '2024-10-19 23:42:59', '2024-10-19 23:42:59', NULL),
(666, 73, 22, '2024-10-19 23:42:59', '2024-10-19 23:42:59', NULL),
(667, 73, 23, '2024-10-19 23:42:59', '2024-10-19 23:42:59', NULL),
(668, 73, 24, '2024-10-19 23:42:59', '2024-10-19 23:42:59', NULL),
(669, 74, 9, '2024-10-19 23:42:59', '2024-10-19 23:42:59', NULL),
(670, 74, 10, '2024-10-19 23:42:59', '2024-10-19 23:42:59', NULL),
(671, 74, 11, '2024-10-19 23:42:59', '2024-10-19 23:42:59', NULL),
(672, 74, 12, '2024-10-19 23:42:59', '2024-10-19 23:42:59', NULL),
(673, 74, 21, '2024-10-19 23:42:59', '2024-10-19 23:42:59', NULL),
(674, 74, 22, '2024-10-19 23:42:59', '2024-10-19 23:42:59', NULL),
(675, 74, 23, '2024-10-19 23:42:59', '2024-10-19 23:42:59', NULL),
(676, 74, 24, '2024-10-19 23:42:59', '2024-10-19 23:42:59', NULL),
(677, 75, 9, '2024-10-19 23:42:59', '2024-10-19 23:42:59', NULL),
(678, 75, 10, '2024-10-19 23:42:59', '2024-10-19 23:42:59', NULL),
(679, 75, 11, '2024-10-19 23:42:59', '2024-10-19 23:42:59', NULL),
(680, 75, 12, '2024-10-19 23:42:59', '2024-10-19 23:42:59', NULL),
(681, 75, 21, '2024-10-19 23:42:59', '2024-10-19 23:42:59', NULL),
(682, 75, 22, '2024-10-19 23:42:59', '2024-10-19 23:42:59', NULL),
(683, 75, 23, '2024-10-19 23:42:59', '2024-10-19 23:42:59', NULL),
(684, 75, 24, '2024-10-19 23:42:59', '2024-10-19 23:42:59', NULL),
(685, 76, 9, '2024-10-19 23:42:59', '2024-10-19 23:42:59', NULL),
(686, 76, 10, '2024-10-19 23:42:59', '2024-10-19 23:42:59', NULL),
(687, 76, 11, '2024-10-19 23:42:59', '2024-10-19 23:42:59', NULL),
(688, 76, 12, '2024-10-19 23:42:59', '2024-10-19 23:42:59', NULL),
(689, 76, 21, '2024-10-19 23:42:59', '2024-10-19 23:42:59', NULL),
(690, 76, 22, '2024-10-19 23:42:59', '2024-10-19 23:42:59', NULL),
(691, 76, 23, '2024-10-19 23:42:59', '2024-10-19 23:42:59', NULL),
(692, 76, 24, '2024-10-19 23:42:59', '2024-10-19 23:42:59', NULL),
(693, 77, 9, '2024-10-19 23:42:59', '2024-10-19 23:42:59', NULL),
(694, 77, 10, '2024-10-19 23:42:59', '2024-10-19 23:42:59', NULL),
(695, 77, 11, '2024-10-19 23:42:59', '2024-10-19 23:42:59', NULL),
(696, 77, 12, '2024-10-19 23:42:59', '2024-10-19 23:42:59', NULL),
(697, 77, 21, '2024-10-19 23:42:59', '2024-10-19 23:42:59', NULL),
(698, 77, 22, '2024-10-19 23:42:59', '2024-10-19 23:42:59', NULL),
(699, 77, 23, '2024-10-19 23:42:59', '2024-10-19 23:42:59', NULL),
(700, 77, 24, '2024-10-19 23:42:59', '2024-10-19 23:42:59', NULL),
(701, 89, 1, '2024-10-20 06:15:10', '2024-10-20 06:15:10', NULL),
(702, 89, 2, '2024-10-20 06:15:10', '2024-10-20 06:15:10', NULL),
(703, 89, 3, '2024-10-20 06:15:10', '2024-10-20 06:15:10', NULL),
(704, 89, 4, '2024-10-20 06:15:10', '2024-10-20 06:15:10', NULL),
(705, 89, 5, '2024-10-20 06:15:10', '2024-10-20 06:15:10', NULL),
(706, 89, 6, '2024-10-20 06:15:10', '2024-10-20 06:15:10', NULL),
(707, 89, 7, '2024-10-20 06:15:10', '2024-10-20 06:15:10', NULL),
(708, 89, 8, '2024-10-20 06:15:10', '2024-10-20 06:15:10', NULL),
(709, 89, 9, '2024-10-20 06:15:10', '2024-10-20 06:15:10', NULL),
(710, 89, 10, '2024-10-20 06:15:10', '2024-10-20 06:15:10', NULL),
(711, 89, 11, '2024-10-20 06:15:10', '2024-10-20 06:15:10', NULL),
(712, 89, 12, '2024-10-20 06:15:10', '2024-10-20 06:15:10', NULL),
(713, 89, 13, '2024-10-20 06:15:10', '2024-10-20 06:15:10', NULL),
(714, 89, 14, '2024-10-20 06:15:10', '2024-10-20 06:15:10', NULL),
(715, 89, 15, '2024-10-20 06:15:10', '2024-10-20 06:15:10', NULL),
(716, 89, 16, '2024-10-20 06:15:10', '2024-10-20 06:15:10', NULL),
(717, 89, 25, '2024-10-20 06:15:10', '2024-10-20 06:15:10', NULL),
(718, 89, 26, '2024-10-20 06:15:10', '2024-10-20 06:15:10', NULL),
(719, 89, 27, '2024-10-20 06:15:10', '2024-10-20 06:15:10', NULL),
(720, 89, 28, '2024-10-20 06:15:10', '2024-10-20 06:15:10', NULL),
(721, 89, 29, '2024-10-20 06:15:10', '2024-10-20 06:15:10', NULL),
(722, 89, 30, '2024-10-20 06:15:10', '2024-10-20 06:15:10', NULL),
(723, 89, 31, '2024-10-20 06:15:10', '2024-10-20 06:15:10', NULL),
(724, 89, 32, '2024-10-20 06:15:10', '2024-10-20 06:15:10', NULL),
(725, 89, 37, '2024-10-20 06:15:10', '2024-10-20 06:15:10', NULL),
(726, 89, 38, '2024-10-20 06:15:10', '2024-10-20 06:15:10', NULL),
(727, 89, 39, '2024-10-20 06:15:10', '2024-10-20 06:15:10', NULL),
(728, 89, 40, '2024-10-20 06:15:10', '2024-10-20 06:15:10', NULL),
(729, 90, 1, '2024-10-20 06:15:10', '2024-10-20 06:15:10', NULL),
(730, 90, 2, '2024-10-20 06:15:10', '2024-10-20 06:15:10', NULL),
(731, 90, 3, '2024-10-20 06:15:10', '2024-10-20 06:15:10', NULL),
(732, 90, 4, '2024-10-20 06:15:10', '2024-10-20 06:15:10', NULL),
(733, 90, 5, '2024-10-20 06:15:10', '2024-10-20 06:15:10', NULL),
(734, 90, 6, '2024-10-20 06:15:10', '2024-10-20 06:15:10', NULL),
(735, 90, 7, '2024-10-20 06:15:10', '2024-10-20 06:15:10', NULL),
(736, 90, 8, '2024-10-20 06:15:10', '2024-10-20 06:15:10', NULL),
(737, 90, 9, '2024-10-20 06:15:10', '2024-10-20 06:15:10', NULL),
(738, 90, 10, '2024-10-20 06:15:10', '2024-10-20 06:15:10', NULL),
(739, 90, 11, '2024-10-20 06:15:10', '2024-10-20 06:15:10', NULL),
(740, 90, 12, '2024-10-20 06:15:10', '2024-10-20 06:15:10', NULL),
(741, 90, 13, '2024-10-20 06:15:10', '2024-10-20 06:15:10', NULL),
(742, 90, 14, '2024-10-20 06:15:10', '2024-10-20 06:15:10', NULL),
(743, 90, 15, '2024-10-20 06:15:10', '2024-10-20 06:15:10', NULL),
(744, 90, 16, '2024-10-20 06:15:10', '2024-10-20 06:15:10', NULL),
(745, 90, 25, '2024-10-20 06:15:10', '2024-10-20 06:15:10', NULL),
(746, 90, 26, '2024-10-20 06:15:10', '2024-10-20 06:15:10', NULL),
(747, 90, 27, '2024-10-20 06:15:10', '2024-10-20 06:15:10', NULL),
(748, 90, 28, '2024-10-20 06:15:10', '2024-10-20 06:15:10', NULL),
(749, 90, 29, '2024-10-20 06:15:10', '2024-10-20 06:15:10', NULL),
(750, 90, 30, '2024-10-20 06:15:10', '2024-10-20 06:15:10', NULL),
(751, 90, 31, '2024-10-20 06:15:10', '2024-10-20 06:15:10', NULL),
(752, 90, 32, '2024-10-20 06:15:10', '2024-10-20 06:15:10', NULL),
(753, 90, 37, '2024-10-20 06:15:10', '2024-10-20 06:15:10', NULL),
(754, 90, 38, '2024-10-20 06:15:10', '2024-10-20 06:15:10', NULL),
(755, 90, 39, '2024-10-20 06:15:10', '2024-10-20 06:15:10', NULL),
(756, 90, 40, '2024-10-20 06:15:10', '2024-10-20 06:15:10', NULL),
(757, 91, 1, '2024-10-20 06:15:10', '2024-10-20 06:15:10', NULL),
(758, 91, 2, '2024-10-20 06:15:10', '2024-10-20 06:15:10', NULL),
(759, 91, 3, '2024-10-20 06:15:10', '2024-10-20 06:15:10', NULL),
(760, 91, 4, '2024-10-20 06:15:10', '2024-10-20 06:15:10', NULL),
(761, 91, 5, '2024-10-20 06:15:10', '2024-10-20 06:15:10', NULL),
(762, 91, 6, '2024-10-20 06:15:10', '2024-10-20 06:15:10', NULL),
(763, 91, 7, '2024-10-20 06:15:10', '2024-10-20 06:15:10', NULL),
(764, 91, 8, '2024-10-20 06:15:10', '2024-10-20 06:15:10', NULL),
(765, 91, 9, '2024-10-20 06:15:10', '2024-10-20 06:15:10', NULL),
(766, 91, 10, '2024-10-20 06:15:10', '2024-10-20 06:15:10', NULL),
(767, 91, 11, '2024-10-20 06:15:10', '2024-10-20 06:15:10', NULL),
(768, 91, 12, '2024-10-20 06:15:10', '2024-10-20 06:15:10', NULL),
(769, 91, 13, '2024-10-20 06:15:10', '2024-10-20 06:15:10', NULL),
(770, 91, 14, '2024-10-20 06:15:10', '2024-10-20 06:15:10', NULL),
(771, 91, 15, '2024-10-20 06:15:10', '2024-10-20 06:15:10', NULL),
(772, 91, 16, '2024-10-20 06:15:10', '2024-10-20 06:15:10', NULL),
(773, 91, 25, '2024-10-20 06:15:10', '2024-10-20 06:15:10', NULL),
(774, 91, 26, '2024-10-20 06:15:10', '2024-10-20 06:15:10', NULL),
(775, 91, 27, '2024-10-20 06:15:10', '2024-10-20 06:15:10', NULL),
(776, 91, 28, '2024-10-20 06:15:10', '2024-10-20 06:15:10', NULL),
(777, 91, 29, '2024-10-20 06:15:10', '2024-10-20 06:15:10', NULL),
(778, 91, 30, '2024-10-20 06:15:10', '2024-10-20 06:15:10', NULL),
(779, 91, 31, '2024-10-20 06:15:10', '2024-10-20 06:15:10', NULL),
(780, 91, 32, '2024-10-20 06:15:10', '2024-10-20 06:15:10', NULL),
(781, 91, 37, '2024-10-20 06:15:10', '2024-10-20 06:15:10', NULL),
(782, 91, 38, '2024-10-20 06:15:10', '2024-10-20 06:15:10', NULL),
(783, 91, 39, '2024-10-20 06:15:10', '2024-10-20 06:15:10', NULL),
(784, 91, 40, '2024-10-20 06:15:10', '2024-10-20 06:15:10', NULL),
(785, 92, 1, '2024-10-20 06:15:10', '2024-10-20 06:15:10', NULL),
(786, 92, 2, '2024-10-20 06:15:10', '2024-10-20 06:15:10', NULL),
(787, 92, 3, '2024-10-20 06:15:10', '2024-10-20 06:15:10', NULL),
(788, 92, 4, '2024-10-20 06:15:10', '2024-10-20 06:15:10', NULL),
(789, 92, 5, '2024-10-20 06:15:10', '2024-10-20 06:15:10', NULL),
(790, 92, 6, '2024-10-20 06:15:10', '2024-10-20 06:15:10', NULL),
(791, 92, 7, '2024-10-20 06:15:10', '2024-10-20 06:15:10', NULL),
(792, 92, 8, '2024-10-20 06:15:10', '2024-10-20 06:15:10', NULL),
(793, 92, 9, '2024-10-20 06:15:10', '2024-10-20 06:15:10', NULL),
(794, 92, 10, '2024-10-20 06:15:10', '2024-10-20 06:15:10', NULL),
(795, 92, 11, '2024-10-20 06:15:10', '2024-10-20 06:15:10', NULL),
(796, 92, 12, '2024-10-20 06:15:10', '2024-10-20 06:15:10', NULL),
(797, 92, 13, '2024-10-20 06:15:10', '2024-10-20 06:15:10', NULL),
(798, 92, 14, '2024-10-20 06:15:10', '2024-10-20 06:15:10', NULL),
(799, 92, 15, '2024-10-20 06:15:10', '2024-10-20 06:15:10', NULL),
(800, 92, 16, '2024-10-20 06:15:10', '2024-10-20 06:15:10', NULL),
(801, 92, 25, '2024-10-20 06:15:10', '2024-10-20 06:15:10', NULL),
(802, 92, 26, '2024-10-20 06:15:10', '2024-10-20 06:15:10', NULL),
(803, 92, 27, '2024-10-20 06:15:10', '2024-10-20 06:15:10', NULL),
(804, 92, 28, '2024-10-20 06:15:10', '2024-10-20 06:15:10', NULL),
(805, 92, 29, '2024-10-20 06:15:10', '2024-10-20 06:15:10', NULL),
(806, 92, 30, '2024-10-20 06:15:10', '2024-10-20 06:15:10', NULL),
(807, 92, 31, '2024-10-20 06:15:10', '2024-10-20 06:15:10', NULL),
(808, 92, 32, '2024-10-20 06:15:10', '2024-10-20 06:15:10', NULL),
(809, 92, 37, '2024-10-20 06:15:10', '2024-10-20 06:15:10', NULL),
(810, 92, 38, '2024-10-20 06:15:10', '2024-10-20 06:15:10', NULL),
(811, 92, 39, '2024-10-20 06:15:10', '2024-10-20 06:15:10', NULL),
(812, 92, 40, '2024-10-20 06:15:10', '2024-10-20 06:15:10', NULL),
(813, 93, 1, '2024-10-20 06:15:10', '2024-10-20 06:15:10', NULL),
(814, 93, 2, '2024-10-20 06:15:10', '2024-10-20 06:15:10', NULL),
(815, 93, 3, '2024-10-20 06:15:10', '2024-10-20 06:15:10', NULL),
(816, 93, 4, '2024-10-20 06:15:10', '2024-10-20 06:15:10', NULL),
(817, 93, 5, '2024-10-20 06:15:10', '2024-10-20 06:15:10', NULL),
(818, 93, 6, '2024-10-20 06:15:10', '2024-10-20 06:15:10', NULL),
(819, 93, 7, '2024-10-20 06:15:10', '2024-10-20 06:15:10', NULL),
(820, 93, 8, '2024-10-20 06:15:10', '2024-10-20 06:15:10', NULL),
(821, 93, 9, '2024-10-20 06:15:10', '2024-10-20 06:15:10', NULL),
(822, 93, 10, '2024-10-20 06:15:10', '2024-10-20 06:15:10', NULL),
(823, 93, 11, '2024-10-20 06:15:10', '2024-10-20 06:15:10', NULL),
(824, 93, 12, '2024-10-20 06:15:10', '2024-10-20 06:15:10', NULL),
(825, 93, 13, '2024-10-20 06:15:10', '2024-10-20 06:15:10', NULL),
(826, 93, 14, '2024-10-20 06:15:10', '2024-10-20 06:15:10', NULL),
(827, 93, 15, '2024-10-20 06:15:10', '2024-10-20 06:15:10', NULL),
(828, 93, 16, '2024-10-20 06:15:10', '2024-10-20 06:15:10', NULL),
(829, 93, 25, '2024-10-20 06:15:10', '2024-10-20 06:15:10', NULL),
(830, 93, 26, '2024-10-20 06:15:10', '2024-10-20 06:15:10', NULL),
(831, 93, 27, '2024-10-20 06:15:10', '2024-10-20 06:15:10', NULL),
(832, 93, 28, '2024-10-20 06:15:10', '2024-10-20 06:15:10', NULL),
(833, 93, 29, '2024-10-20 06:15:10', '2024-10-20 06:15:10', NULL),
(834, 93, 30, '2024-10-20 06:15:10', '2024-10-20 06:15:10', NULL),
(835, 93, 31, '2024-10-20 06:15:10', '2024-10-20 06:15:10', NULL),
(836, 93, 32, '2024-10-20 06:15:10', '2024-10-20 06:15:10', NULL),
(837, 94, 1, '2025-02-13 18:44:03', '2025-02-13 18:44:03', NULL),
(838, 94, 2, '2025-02-13 18:44:03', '2025-02-13 18:44:03', NULL),
(839, 94, 3, '2025-02-13 18:44:03', '2025-02-13 18:44:03', NULL),
(840, 94, 4, '2025-02-13 18:44:03', '2025-02-13 18:44:03', NULL),
(841, 95, 1, '2025-02-13 18:44:03', '2025-02-13 18:44:03', NULL),
(842, 95, 2, '2025-02-13 18:44:03', '2025-02-13 18:44:03', NULL),
(843, 95, 3, '2025-02-13 18:44:03', '2025-02-13 18:44:03', NULL),
(844, 95, 4, '2025-02-13 18:44:03', '2025-02-13 18:44:03', NULL),
(845, 96, 1, '2025-02-13 18:44:03', '2025-02-13 18:44:03', NULL),
(846, 96, 2, '2025-02-13 18:44:03', '2025-02-13 18:44:03', NULL),
(847, 96, 3, '2025-02-13 18:44:03', '2025-02-13 18:44:03', NULL),
(848, 96, 4, '2025-02-13 18:44:03', '2025-02-13 18:44:03', NULL),
(849, 97, 1, '2025-02-13 18:44:03', '2025-02-13 18:44:03', NULL),
(850, 97, 2, '2025-02-13 18:44:03', '2025-02-13 18:44:03', NULL),
(851, 97, 3, '2025-02-13 18:44:03', '2025-02-13 18:44:03', NULL),
(852, 97, 4, '2025-02-13 18:44:03', '2025-02-13 18:44:03', NULL),
(853, 98, 1, '2025-02-13 18:44:03', '2025-02-13 18:44:03', NULL),
(854, 98, 2, '2025-02-13 18:44:03', '2025-02-13 18:44:03', NULL),
(855, 98, 3, '2025-02-13 18:44:03', '2025-02-13 18:44:03', NULL),
(856, 98, 4, '2025-02-13 18:44:03', '2025-02-13 18:44:03', NULL),
(857, 94, 5, '2025-02-13 18:47:58', '2025-02-13 18:47:58', NULL),
(858, 94, 6, '2025-02-13 18:47:58', '2025-02-13 18:47:58', NULL),
(859, 94, 7, '2025-02-13 18:47:58', '2025-02-13 18:47:58', NULL),
(860, 94, 8, '2025-02-13 18:47:58', '2025-02-13 18:47:58', NULL),
(861, 94, 9, '2025-02-13 18:47:58', '2025-02-13 18:47:58', NULL),
(862, 94, 10, '2025-02-13 18:47:58', '2025-02-13 18:47:58', NULL),
(863, 94, 11, '2025-02-13 18:47:58', '2025-02-13 18:47:58', NULL),
(864, 94, 12, '2025-02-13 18:47:58', '2025-02-13 18:47:58', NULL),
(865, 94, 13, '2025-02-13 18:47:59', '2025-02-13 18:47:59', NULL),
(866, 94, 14, '2025-02-13 18:47:59', '2025-02-13 18:47:59', NULL),
(867, 94, 15, '2025-02-13 18:47:59', '2025-02-13 18:47:59', NULL),
(868, 94, 16, '2025-02-13 18:47:59', '2025-02-13 18:47:59', NULL),
(869, 94, 17, '2025-02-13 18:47:59', '2025-02-13 18:47:59', NULL),
(870, 94, 18, '2025-02-13 18:47:59', '2025-02-13 18:47:59', NULL),
(871, 94, 19, '2025-02-13 18:47:59', '2025-02-13 18:47:59', NULL),
(872, 94, 20, '2025-02-13 18:47:59', '2025-02-13 18:47:59', NULL),
(873, 95, 5, '2025-02-13 18:47:59', '2025-02-13 18:47:59', NULL),
(874, 95, 6, '2025-02-13 18:47:59', '2025-02-13 18:47:59', NULL),
(875, 95, 7, '2025-02-13 18:47:59', '2025-02-13 18:47:59', NULL),
(876, 95, 8, '2025-02-13 18:47:59', '2025-02-13 18:47:59', NULL),
(877, 95, 9, '2025-02-13 18:47:59', '2025-02-13 18:47:59', NULL),
(878, 95, 10, '2025-02-13 18:47:59', '2025-02-13 18:47:59', NULL),
(879, 95, 11, '2025-02-13 18:47:59', '2025-02-13 18:47:59', NULL),
(880, 95, 12, '2025-02-13 18:47:59', '2025-02-13 18:47:59', NULL),
(881, 95, 13, '2025-02-13 18:47:59', '2025-02-13 18:47:59', NULL),
(882, 95, 14, '2025-02-13 18:47:59', '2025-02-13 18:47:59', NULL),
(883, 95, 15, '2025-02-13 18:47:59', '2025-02-13 18:47:59', NULL),
(884, 95, 16, '2025-02-13 18:47:59', '2025-02-13 18:47:59', NULL),
(885, 95, 17, '2025-02-13 18:47:59', '2025-02-13 18:47:59', NULL),
(886, 95, 18, '2025-02-13 18:47:59', '2025-02-13 18:47:59', NULL),
(887, 95, 19, '2025-02-13 18:47:59', '2025-02-13 18:47:59', NULL),
(888, 95, 20, '2025-02-13 18:47:59', '2025-02-13 18:47:59', NULL),
(889, 96, 5, '2025-02-13 18:47:59', '2025-02-13 18:47:59', NULL),
(890, 96, 6, '2025-02-13 18:47:59', '2025-02-13 18:47:59', NULL),
(891, 96, 7, '2025-02-13 18:47:59', '2025-02-13 18:47:59', NULL),
(892, 96, 8, '2025-02-13 18:47:59', '2025-02-13 18:47:59', NULL),
(893, 96, 9, '2025-02-13 18:47:59', '2025-02-13 18:47:59', NULL),
(894, 96, 10, '2025-02-13 18:47:59', '2025-02-13 18:47:59', NULL),
(895, 96, 11, '2025-02-13 18:47:59', '2025-02-13 18:47:59', NULL),
(896, 96, 12, '2025-02-13 18:47:59', '2025-02-13 18:47:59', NULL),
(897, 96, 13, '2025-02-13 18:47:59', '2025-02-13 18:47:59', NULL),
(898, 96, 14, '2025-02-13 18:47:59', '2025-02-13 18:47:59', NULL),
(899, 96, 15, '2025-02-13 18:47:59', '2025-02-13 18:47:59', NULL),
(900, 96, 16, '2025-02-13 18:47:59', '2025-02-13 18:47:59', NULL),
(901, 96, 17, '2025-02-13 18:47:59', '2025-02-13 18:47:59', NULL),
(902, 96, 18, '2025-02-13 18:47:59', '2025-02-13 18:47:59', NULL),
(903, 96, 19, '2025-02-13 18:47:59', '2025-02-13 18:47:59', NULL),
(904, 96, 20, '2025-02-13 18:47:59', '2025-02-13 18:47:59', NULL),
(905, 97, 5, '2025-02-13 18:47:59', '2025-02-13 18:47:59', NULL),
(906, 97, 6, '2025-02-13 18:47:59', '2025-02-13 18:47:59', NULL),
(907, 97, 7, '2025-02-13 18:47:59', '2025-02-13 18:47:59', NULL),
(908, 97, 8, '2025-02-13 18:47:59', '2025-02-13 18:47:59', NULL),
(909, 97, 9, '2025-02-13 18:47:59', '2025-02-13 18:47:59', NULL),
(910, 97, 10, '2025-02-13 18:47:59', '2025-02-13 18:47:59', NULL),
(911, 97, 11, '2025-02-13 18:47:59', '2025-02-13 18:47:59', NULL),
(912, 97, 12, '2025-02-13 18:47:59', '2025-02-13 18:47:59', NULL),
(913, 97, 13, '2025-02-13 18:47:59', '2025-02-13 18:47:59', NULL),
(914, 97, 14, '2025-02-13 18:47:59', '2025-02-13 18:47:59', NULL),
(915, 97, 15, '2025-02-13 18:47:59', '2025-02-13 18:47:59', NULL),
(916, 97, 16, '2025-02-13 18:47:59', '2025-02-13 18:47:59', NULL),
(917, 97, 17, '2025-02-13 18:47:59', '2025-02-13 18:47:59', NULL),
(918, 97, 18, '2025-02-13 18:47:59', '2025-02-13 18:47:59', NULL),
(919, 97, 19, '2025-02-13 18:47:59', '2025-02-13 18:47:59', NULL),
(920, 97, 20, '2025-02-13 18:47:59', '2025-02-13 18:47:59', NULL),
(921, 98, 5, '2025-02-13 18:47:59', '2025-02-13 18:47:59', NULL),
(922, 98, 6, '2025-02-13 18:47:59', '2025-02-13 18:47:59', NULL),
(923, 98, 7, '2025-02-13 18:47:59', '2025-02-13 18:47:59', NULL),
(924, 98, 8, '2025-02-13 18:47:59', '2025-02-13 18:47:59', NULL),
(925, 98, 9, '2025-02-13 18:47:59', '2025-02-13 18:47:59', NULL),
(926, 98, 10, '2025-02-13 18:47:59', '2025-02-13 18:47:59', NULL),
(927, 98, 11, '2025-02-13 18:47:59', '2025-02-13 18:47:59', NULL),
(928, 98, 12, '2025-02-13 18:47:59', '2025-02-13 18:47:59', NULL),
(929, 98, 13, '2025-02-13 18:47:59', '2025-02-13 18:47:59', NULL),
(930, 98, 14, '2025-02-13 18:47:59', '2025-02-13 18:47:59', NULL),
(931, 98, 15, '2025-02-13 18:47:59', '2025-02-13 18:47:59', NULL),
(932, 98, 16, '2025-02-13 18:47:59', '2025-02-13 18:47:59', NULL),
(933, 98, 17, '2025-02-13 18:47:59', '2025-02-13 18:47:59', NULL),
(934, 98, 18, '2025-02-13 18:47:59', '2025-02-13 18:47:59', NULL),
(935, 98, 19, '2025-02-13 18:47:59', '2025-02-13 18:47:59', NULL),
(936, 98, 20, '2025-02-13 18:47:59', '2025-02-13 18:47:59', NULL);

-- --------------------------------------------------------

--
-- Estructura de tabla para la tabla `failed_jobs`
--

CREATE TABLE `failed_jobs` (
  `id` bigint(20) UNSIGNED NOT NULL,
  `uuid` varchar(255) NOT NULL,
  `connection` text NOT NULL,
  `queue` text NOT NULL,
  `payload` longtext NOT NULL,
  `exception` longtext NOT NULL,
  `failed_at` timestamp NOT NULL DEFAULT current_timestamp()
) ENGINE=InnoDB DEFAULT CHARSET=utf8mb4 COLLATE=utf8mb4_unicode_ci;

-- --------------------------------------------------------

--
-- Estructura de tabla para la tabla `jobs`
--

CREATE TABLE `jobs` (
  `id` bigint(20) UNSIGNED NOT NULL,
  `queue` varchar(255) NOT NULL,
  `payload` longtext NOT NULL,
  `attempts` tinyint(3) UNSIGNED NOT NULL,
  `reserved_at` int(10) UNSIGNED DEFAULT NULL,
  `available_at` int(10) UNSIGNED NOT NULL,
  `created_at` int(10) UNSIGNED NOT NULL
) ENGINE=InnoDB DEFAULT CHARSET=utf8mb4 COLLATE=utf8mb4_unicode_ci;

-- --------------------------------------------------------

--
-- Estructura de tabla para la tabla `laboratories`
--

CREATE TABLE `laboratories` (
  `id` bigint(20) UNSIGNED NOT NULL,
  `appointment_id` bigint(20) UNSIGNED DEFAULT NULL,
  `name_file` varchar(250) DEFAULT NULL,
  `size` varchar(50) DEFAULT NULL,
  `resolution` varchar(20) DEFAULT NULL,
  `file` varchar(250) DEFAULT NULL,
  `type` varchar(20) DEFAULT NULL,
  `created_at` timestamp NULL DEFAULT NULL,
  `updated_at` timestamp NULL DEFAULT NULL,
  `deleted_at` timestamp NULL DEFAULT NULL
) ENGINE=InnoDB DEFAULT CHARSET=utf8mb4 COLLATE=utf8mb4_general_ci;

-- --------------------------------------------------------

--
-- Estructura de tabla para la tabla `locations`
--

CREATE TABLE `locations` (
  `id` bigint(20) NOT NULL,
  `title` varchar(150) DEFAULT NULL,
  `avatar` varchar(255) DEFAULT NULL,
  `city` varchar(150) DEFAULT NULL,
  `state` varchar(150) DEFAULT NULL,
  `zip` varchar(150) DEFAULT NULL,
  `address` text DEFAULT NULL,
  `email` varchar(150) DEFAULT NULL,
  `phone1` varchar(50) DEFAULT NULL,
  `phone2` varchar(50) DEFAULT NULL,
  `user_id` bigint(50) UNSIGNED DEFAULT NULL,
  `client_id` bigint(50) UNSIGNED DEFAULT NULL,
  `created_at` timestamp NULL DEFAULT NULL,
  `updated_at` timestamp NULL DEFAULT NULL,
  `deleted_at` timestamp NULL DEFAULT NULL
) ENGINE=InnoDB DEFAULT CHARSET=utf8mb3 COLLATE=utf8mb3_general_ci;

--
-- Volcado de datos para la tabla `locations`
--

INSERT INTO `locations` (`id`, `title`, `avatar`, `city`, `state`, `zip`, `address`, `email`, `phone1`, `phone2`, `user_id`, `client_id`, `created_at`, `updated_at`, `deleted_at`) VALUES
(1, 'Candelaria', 'locations/4RkuD10qGcTnfKRXHd2jX594dBVu78RdgDADZfRc.jpg', 'Candelaria', 'Capital', '1010', 'Centro Comercial Sambil Candelaria, Local e23', 'AbaThepC@app.com', '324432', '55665654', NULL, NULL, '2024-02-01 20:32:49', '2024-02-01 20:58:42', NULL),
(2, 'Chacao', 'locations/Ysx7n3mCj1a7wZuojaplfMPjXjs68MlyDJ5Usts4.jpg', 'dasdas', 'dasdsa', '234we', 'Centro Comercial Sambil Chacao, Local e23', 'AbaThepCh@app.com', '2344432', '55665654', NULL, NULL, '2024-02-01 20:33:21', '2024-02-01 20:58:06', NULL),
(3, 'Santa Paula', 'locations/4RkuD10qGcTnfKRXHd2jX594dBVu78RdgDADZfRc.jpg', 'Caracas', 'Distrito Capital', '1010A', 'Centro Comercial Santa paula, Local e23', 'AbaThep@app.com', '3223444', '55665654', NULL, NULL, '2024-02-01 20:35:26', '2024-02-08 09:28:05', NULL);

-- --------------------------------------------------------

--
-- Estructura de tabla para la tabla `migrations`
--

CREATE TABLE `migrations` (
  `id` int(10) UNSIGNED NOT NULL,
  `migration` varchar(255) NOT NULL,
  `batch` int(11) NOT NULL
) ENGINE=InnoDB DEFAULT CHARSET=utf8mb4 COLLATE=utf8mb4_unicode_ci;

--
-- Volcado de datos para la tabla `migrations`
--

INSERT INTO `migrations` (`id`, `migration`, `batch`) VALUES
(8, '2014_10_12_000000_create_users_table', 1),
(9, '2014_10_12_100000_create_password_resets_table', 1),
(10, '2019_08_19_000000_create_failed_jobs_table', 1),
(11, '2019_12_14_000001_create_personal_access_tokens_table', 1),
(12, '2022_11_30_175428_create_jobs_table', 1),
(13, '2022_12_18_035041_create_contacts_table', 1),
(14, '2023_11_29_231903_create_permission_tables', 1);

-- --------------------------------------------------------

--
-- Estructura de tabla para la tabla `model_has_permissions`
--

CREATE TABLE `model_has_permissions` (
  `permission_id` bigint(20) UNSIGNED NOT NULL,
  `model_type` varchar(255) NOT NULL,
  `model_id` bigint(20) UNSIGNED NOT NULL
) ENGINE=InnoDB DEFAULT CHARSET=utf8mb4 COLLATE=utf8mb4_unicode_ci;

-- --------------------------------------------------------

--
-- Estructura de tabla para la tabla `model_has_roles`
--

CREATE TABLE `model_has_roles` (
  `role_id` bigint(20) UNSIGNED NOT NULL,
  `model_type` varchar(255) NOT NULL,
  `model_id` bigint(20) UNSIGNED NOT NULL
) ENGINE=InnoDB DEFAULT CHARSET=utf8mb4 COLLATE=utf8mb4_unicode_ci;

-- --------------------------------------------------------

--
-- Estructura de tabla para la tabla `password_resets`
--

CREATE TABLE `password_resets` (
  `email` varchar(255) NOT NULL,
  `token` varchar(255) NOT NULL,
  `created_at` timestamp NULL DEFAULT NULL
) ENGINE=InnoDB DEFAULT CHARSET=utf8mb4 COLLATE=utf8mb4_unicode_ci;

-- --------------------------------------------------------

--
-- Estructura de tabla para la tabla `patients`
--

CREATE TABLE `patients` (
  `id` bigint(20) UNSIGNED NOT NULL,
  `name` varchar(250) NOT NULL,
  `surname` varchar(250) NOT NULL,
  `email` varchar(250) DEFAULT NULL,
  `phone` varchar(25) DEFAULT NULL,
  `address` text DEFAULT NULL,
  `n_doc` varchar(50) DEFAULT NULL,
  `gender` tinyint(1) UNSIGNED NOT NULL DEFAULT 1 COMMENT '1:masculino 2:femenino',
  `education` varchar(250) DEFAULT NULL,
  `birth_date` timestamp NULL DEFAULT NULL,
  `antecedent_family` text DEFAULT NULL,
  `antecedent_personal` text DEFAULT NULL,
  `antecedent_alerg` text DEFAULT NULL,
  `ta` varchar(250) DEFAULT NULL COMMENT 'presion arterial',
  `temperature` varchar(20) DEFAULT NULL,
  `fc` varchar(50) DEFAULT NULL COMMENT 'frecuencia cardiaca',
  `fr` varchar(50) DEFAULT NULL COMMENT 'frecuenca respiratoria',
  `peso` varchar(25) DEFAULT NULL,
  `current_desease` text DEFAULT NULL COMMENT 'enfermedad actual',
  `avatar` varchar(255) DEFAULT NULL,
  `location_id` bigint(20) UNSIGNED DEFAULT NULL,
  `doctor_id` bigint(20) UNSIGNED DEFAULT NULL,
  `created_at` timestamp NULL DEFAULT NULL,
  `updated_at` timestamp NULL DEFAULT NULL,
  `deleted_at` timestamp NULL DEFAULT NULL
) ENGINE=InnoDB DEFAULT CHARSET=utf8mb3 COLLATE=utf8mb3_general_ci;

--
-- Volcado de datos para la tabla `patients`
--

INSERT INTO `patients` (`id`, `name`, `surname`, `email`, `phone`, `address`, `n_doc`, `gender`, `education`, `birth_date`, `antecedent_family`, `antecedent_personal`, `antecedent_alerg`, `ta`, `temperature`, `fc`, `fr`, `peso`, `current_desease`, `avatar`, `location_id`, `doctor_id`, `created_at`, `updated_at`, `deleted_at`) VALUES
(3, 'test', 'test', 'test@test.com', 'test', 'test', '12345678', 2, 'test', '2025-02-13 19:00:00', 'test', 'test', 'test', '323', '43', '4', '4', '4', 'test', NULL, NULL, 19, '2025-02-13 21:42:11', '2025-02-13 21:42:11', NULL),
(7, 'Malcolm', 'Cordova', 'mercadocreativo@gmail.com', '04241874370', 'caracas\r\ncaracas', '14427389', 1, 'Desarrollo web apps', '2025-02-13 11:00:00', 'test', 'test', 'test', '50', '50', '78', '67', '65', 'Presentacion App Web y Movil para Atencion y citas para consultorios', 'patients/tDHPO6Hq7qHJh1rPrbBnkvk5NzyE58lzLY4PdCVZ.png', NULL, 19, '2025-02-14 01:30:52', '2025-02-14 21:28:17', NULL);

-- --------------------------------------------------------

--
-- Estructura de tabla para la tabla `patien_persons`
--

CREATE TABLE `patien_persons` (
  `id` bigint(20) UNSIGNED NOT NULL,
  `patient_id` bigint(20) UNSIGNED DEFAULT NULL,
  `name_companion` varchar(250) DEFAULT NULL,
  `surname_companion` varchar(250) DEFAULT NULL,
  `mobile_companion` varchar(250) DEFAULT NULL,
  `relationship_companion` varchar(250) DEFAULT NULL,
  `name_responsable` varchar(250) DEFAULT NULL,
  `surname_responsable` varchar(250) DEFAULT NULL,
  `mobile_responsable` varchar(50) DEFAULT NULL,
  `relationship_responsable` varchar(250) DEFAULT NULL,
  `created_at` timestamp NULL DEFAULT NULL,
  `updated_at` timestamp NULL DEFAULT NULL,
  `deleted_at` timestamp NULL DEFAULT NULL
) ENGINE=InnoDB DEFAULT CHARSET=utf8mb3 COLLATE=utf8mb3_general_ci;

--
-- Volcado de datos para la tabla `patien_persons`
--

INSERT INTO `patien_persons` (`id`, `patient_id`, `name_companion`, `surname_companion`, `mobile_companion`, `relationship_companion`, `name_responsable`, `surname_responsable`, `mobile_responsable`, `relationship_responsable`, `created_at`, `updated_at`, `deleted_at`) VALUES
(1, 1, 'Malcolm', 'Cordova', '04241874370', 'Amigo', NULL, NULL, NULL, NULL, '2025-02-13 21:09:04', '2025-02-13 21:09:04', NULL),
(2, 2, NULL, NULL, '04241874370', 'Amigo', NULL, NULL, NULL, NULL, '2025-02-13 21:17:21', '2025-02-13 22:14:34', NULL),
(3, 3, 'test', 'test', 'test', 'test', 'test', 'test', 'test', 'test', '2025-02-13 21:42:11', '2025-02-13 21:42:11', NULL),
(4, 4, 'test', 'test', 'test', 'test', 'test', 'test', 'test', 'test', '2025-02-14 00:54:35', '2025-02-14 00:54:35', NULL),
(5, 5, 'test', 'test', 'test', 'test', 'test', 'test', 'test', 'test', '2025-02-14 00:55:28', '2025-02-14 00:55:28', NULL),
(6, 6, 'test', 'test', 'test', 'test', 'test', 'test', 'test', 'test', '2025-02-14 01:07:28', '2025-02-14 01:07:28', NULL),
(7, 7, NULL, NULL, 'test', 'test', 'test', 'test', 'test', 'test', '2025-02-14 01:30:52', '2025-02-14 03:07:45', NULL);

-- --------------------------------------------------------

--
-- Estructura de tabla para la tabla `payments`
--

CREATE TABLE `payments` (
  `id` bigint(20) UNSIGNED NOT NULL,
  `referencia` varchar(255) NOT NULL,
  `metodo` varchar(255) NOT NULL,
  `bank_name` varchar(255) NOT NULL,
  `monto` double DEFAULT NULL,
  `nombre` varchar(255) NOT NULL,
  `email` varchar(255) NOT NULL,
  `status` enum('APPROVED','PENDING','REJECTED') NOT NULL DEFAULT 'PENDING',
  `patient_id` bigint(20) UNSIGNED NOT NULL,
  `appointment_id` bigint(20) UNSIGNED NOT NULL,
  `doctor_id` bigint(20) UNSIGNED DEFAULT NULL,
  `image` varchar(255) DEFAULT NULL,
  `fecha` timestamp NULL DEFAULT NULL,
  `phone` varchar(150) DEFAULT NULL,
  `created_at` timestamp NULL DEFAULT NULL,
  `updated_at` timestamp NULL DEFAULT NULL,
  `deleted_at` timestamp NULL DEFAULT NULL
) ENGINE=InnoDB DEFAULT CHARSET=utf8mb4 COLLATE=utf8mb4_unicode_ci;

--
-- Volcado de datos para la tabla `payments`
--

INSERT INTO `payments` (`id`, `referencia`, `metodo`, `bank_name`, `monto`, `nombre`, `email`, `status`, `patient_id`, `appointment_id`, `doctor_id`, `image`, `fecha`, `phone`, `created_at`, `updated_at`, `deleted_at`) VALUES
(1, '32ewqw', 'Transferencia Dólares', 'binace', 35, 'Malcolm Cordova', 'mercadocreativo@gmail.com', 'APPROVED', 7, 1, 19, NULL, '2025-02-14 07:00:00', NULL, '2025-02-14 11:42:46', '2025-02-15 00:52:34', NULL);

-- --------------------------------------------------------

--
-- Estructura de tabla para la tabla `permissions`
--

CREATE TABLE `permissions` (
  `id` bigint(20) UNSIGNED NOT NULL,
  `name` varchar(255) NOT NULL,
  `guard_name` varchar(255) NOT NULL,
  `created_at` timestamp NULL DEFAULT NULL,
  `updated_at` timestamp NULL DEFAULT NULL
) ENGINE=InnoDB DEFAULT CHARSET=utf8mb4 COLLATE=utf8mb4_unicode_ci;

-- --------------------------------------------------------

--
-- Estructura de tabla para la tabla `personal_access_tokens`
--

CREATE TABLE `personal_access_tokens` (
  `id` bigint(20) UNSIGNED NOT NULL,
  `tokenable_type` varchar(255) NOT NULL,
  `tokenable_id` bigint(20) UNSIGNED NOT NULL,
  `name` varchar(255) NOT NULL,
  `token` varchar(64) NOT NULL,
  `abilities` text DEFAULT NULL,
  `last_used_at` timestamp NULL DEFAULT NULL,
  `created_at` timestamp NULL DEFAULT NULL,
  `updated_at` timestamp NULL DEFAULT NULL
) ENGINE=InnoDB DEFAULT CHARSET=utf8mb4 COLLATE=utf8mb4_unicode_ci;

-- --------------------------------------------------------

--
-- Estructura de tabla para la tabla `pubs`
--

CREATE TABLE `pubs` (
  `id` bigint(20) UNSIGNED NOT NULL,
  `avatar` varchar(255) DEFAULT NULL,
  `state` tinyint(1) NOT NULL DEFAULT 1 COMMENT '1:pendiente, 2:activo',
  `created_at` timestamp NULL DEFAULT NULL,
  `updated_at` timestamp NULL DEFAULT NULL,
  `deleted_at` timestamp NULL DEFAULT NULL
) ENGINE=InnoDB DEFAULT CHARSET=utf8mb3 COLLATE=utf8mb3_general_ci;

--
-- Volcado de datos para la tabla `pubs`
--

INSERT INTO `pubs` (`id`, `avatar`, `state`, `created_at`, `updated_at`, `deleted_at`) VALUES
(1, 'publicidads/9FjTB5hAHOvGcnizqlDJDxw3z0Hu2x4cdE5WFjen.jpg', 1, '2024-01-15 23:01:53', '2024-01-15 23:09:50', NULL),
(2, 'publicidads/K4I5kBZ3BZF593DNit2Szh4fNiYvXUQfpe3gYtRm.jpg', 1, '2024-01-15 23:04:36', '2024-01-15 23:04:36', NULL),
(3, 'publicidads/sqNEtxj0WBa9vbTPEhk5THYMMEEnwdVvUQFFozio.jpg', 1, '2024-01-15 23:06:00', '2024-01-15 23:06:00', NULL),
(4, 'publicidads/EMQZLSdot9yEk6fOgPBlg9ED1umWJizlh53p8wD3.jpg', 2, '2024-01-15 23:06:50', '2024-01-15 23:06:50', NULL),
(5, 'publicidads/874AfEidDRuJTt0LTELllkat2xxmAGDsRck3FIbb.jpg', 2, '2024-01-15 23:10:42', '2024-01-16 02:11:57', NULL),
(6, 'pubs/11sAISb9SNOhf2b5zGnPaxQYoYxxOokMdg4EdqyT.jpg', 1, '2025-02-19 21:40:38', '2025-02-19 21:40:38', NULL),
(7, 'pubs/7y66f2zSRChiEbjBUj1AdgjXjf4oIt4qCmuzfDye.jpg', 1, '2025-02-19 21:40:51', '2025-02-19 21:40:51', NULL),
(8, 'pubs/wT7clSzTy8ug3jEiwuASifbrYkulvpEeL7m2d5Cs.jpg', 1, '2025-02-19 21:41:07', '2025-02-19 21:41:07', NULL);

-- --------------------------------------------------------

--
-- Estructura de tabla para la tabla `roles`
--

CREATE TABLE `roles` (
  `id` bigint(20) UNSIGNED NOT NULL,
  `name` varchar(255) NOT NULL,
  `guard_name` varchar(255) NOT NULL,
  `created_at` timestamp NULL DEFAULT NULL,
  `updated_at` timestamp NULL DEFAULT NULL
) ENGINE=InnoDB DEFAULT CHARSET=utf8mb4 COLLATE=utf8mb4_unicode_ci;

-- --------------------------------------------------------

--
-- Estructura de tabla para la tabla `role_has_permissions`
--

CREATE TABLE `role_has_permissions` (
  `permission_id` bigint(20) UNSIGNED NOT NULL,
  `role_id` bigint(20) UNSIGNED NOT NULL
) ENGINE=InnoDB DEFAULT CHARSET=utf8mb4 COLLATE=utf8mb4_unicode_ci;

-- --------------------------------------------------------

--
-- Estructura de tabla para la tabla `settingenerals`
--

CREATE TABLE `settingenerals` (
  `id` bigint(20) UNSIGNED NOT NULL,
  `name` varchar(255) DEFAULT NULL,
  `address` text DEFAULT NULL,
  `phone` varchar(255) DEFAULT NULL,
  `city` varchar(255) DEFAULT NULL,
  `state` varchar(255) DEFAULT NULL,
  `zip` varchar(200) DEFAULT NULL,
  `country` varchar(250) DEFAULT NULL,
  `avatar` varchar(255) DEFAULT NULL,
  `created_at` timestamp NULL DEFAULT NULL,
  `updated_at` timestamp NULL DEFAULT NULL,
  `deleted_at` timestamp NULL DEFAULT NULL
) ENGINE=InnoDB DEFAULT CHARSET=utf8mb3 COLLATE=utf8mb3_general_ci;

--
-- Volcado de datos para la tabla `settingenerals`
--

INSERT INTO `settingenerals` (`id`, `name`, `address`, `phone`, `city`, `state`, `zip`, `country`, `avatar`, `created_at`, `updated_at`, `deleted_at`) VALUES
(1, 'Consultorio', 'AV. Ppal del Rosal', '12324354677', 'Caracas', 'Capital', '1010', 'Venezuela', 'settings/b2gUVptqJwivXN3kk4bdNDEvvwGVRULJ4ZwxghYe.png', '2024-01-10 22:18:16', '2024-05-10 02:19:50', NULL);

-- --------------------------------------------------------

--
-- Estructura de tabla para la tabla `specialities`
--

CREATE TABLE `specialities` (
  `id` bigint(20) UNSIGNED NOT NULL,
  `name` varchar(250) NOT NULL,
  `state` tinyint(1) UNSIGNED NOT NULL DEFAULT 1,
  `price` varchar(255) DEFAULT NULL,
  `created_at` timestamp NULL DEFAULT NULL,
  `updated_at` timestamp NULL DEFAULT NULL,
  `deleted_at` timestamp NULL DEFAULT NULL
) ENGINE=InnoDB DEFAULT CHARSET=utf8mb4 COLLATE=utf8mb4_general_ci;

--
-- Volcado de datos para la tabla `specialities`
--

INSERT INTO `specialities` (`id`, `name`, `state`, `price`, `created_at`, `updated_at`, `deleted_at`) VALUES
(1, 'Anestesiologías', 1, '200', '2023-10-04 07:18:43', '2023-12-29 22:29:12', NULL),
(2, 'Anatomía Patológica', 1, '140', '2023-10-04 07:22:58', '2023-12-29 22:28:55', NULL),
(3, 'Cardiología Intervencionista', 1, '120', '2023-10-04 07:23:05', '2023-12-29 22:29:25', NULL),
(4, 'Cirugía Pediátrica', 1, '234', '2023-10-04 07:23:09', '2023-12-29 22:29:38', NULL),
(5, 'Cirugía General', 1, '100', '2023-10-04 07:23:14', '2023-12-29 22:29:56', NULL),
(6, 'Dermatología', 1, '300', '2023-10-04 07:23:21', '2023-12-29 17:51:36', NULL),
(7, 'Gastroenterología', 1, '40', '2023-10-04 07:23:28', '2023-12-29 22:31:26', NULL),
(8, 'Ginegología y Obstetricia', 1, '60', '2023-10-04 07:23:57', '2023-12-29 22:31:14', NULL),
(9, 'Cardiología', 1, '120', '2023-12-03 18:15:57', '2023-12-29 22:30:53', NULL),
(10, 'Pediatría', 1, '40', '2023-12-03 18:16:12', '2023-12-29 22:30:38', NULL),
(11, 'Odontología', 1, '70', '2023-12-03 18:16:20', '2023-12-29 22:30:20', NULL),
(12, 'Cirugía-Bucal', 1, '140', '2023-12-03 18:16:32', '2023-12-29 18:15:58', NULL),
(13, 'Cirugía-Bucomaxilofacial', 1, '100', '2023-12-03 18:16:45', '2023-12-29 17:53:58', NULL),
(14, 'Urgencias', 2, NULL, '2023-12-03 18:16:53', '2023-12-03 23:21:52', '2023-12-03 23:21:52'),
(15, 'Fisioterapia', 1, '100', '2023-12-16 01:25:38', '2023-12-29 17:51:51', NULL),
(16, 'Terapia de Lenguaje', 2, '100', '2023-12-16 01:25:46', '2023-12-29 17:52:09', NULL);

-- --------------------------------------------------------

--
-- Estructura de tabla para la tabla `tiposdepagos`
--

CREATE TABLE `tiposdepagos` (
  `id` bigint(20) UNSIGNED NOT NULL,
  `tipo` varchar(255) NOT NULL,
  `ciorif` varchar(255) DEFAULT NULL,
  `telefono` varchar(255) DEFAULT NULL,
  `bankAccount` varchar(255) DEFAULT NULL,
  `bankName` varchar(255) DEFAULT NULL,
  `bankAccountType` varchar(255) DEFAULT NULL,
  `email` varchar(255) DEFAULT NULL,
  `user` varchar(255) DEFAULT NULL,
  `status` enum('ACTIVE','INACTIVE') NOT NULL DEFAULT 'INACTIVE',
  `doctor_id` bigint(20) DEFAULT NULL,
  `created_at` timestamp NULL DEFAULT NULL,
  `updated_at` timestamp NULL DEFAULT NULL
) ENGINE=InnoDB DEFAULT CHARSET=utf8mb4 COLLATE=utf8mb4_unicode_ci;

--
-- Volcado de datos para la tabla `tiposdepagos`
--

INSERT INTO `tiposdepagos` (`id`, `tipo`, `ciorif`, `telefono`, `bankAccount`, `bankName`, `bankAccountType`, `email`, `user`, `status`, `doctor_id`, `created_at`, `updated_at`) VALUES
(1, 'Transferencia Bolívares', NULL, NULL, '01051223345678904', 'mercantil', 'Corriente', NULL, 'das', 'ACTIVE', 19, '2023-10-10 05:32:48', '2023-10-10 06:04:50'),
(9, 'Transferencia Dólares', NULL, NULL, 'ZEL0101010143543', 'BOFA', NULL, 'ddsa', NULL, 'ACTIVE', 19, '2024-01-10 02:07:20', '2024-01-10 02:07:43'),
(10, 'Transferencia Dólares', NULL, NULL, 'ZEL0101010143543', 'Square', NULL, NULL, NULL, 'ACTIVE', 19, '2024-01-16 03:10:34', '2024-01-16 03:14:45'),
(11, 'pagomovil', '123456', '234567', '253453', 'Mercantil Pago M', NULL, NULL, NULL, 'ACTIVE', 19, '2024-01-16 03:17:12', '2024-01-16 03:17:16'),
(12, 'Transferencia Dólares', NULL, NULL, 'ZEL0101010143543', 'Venezuela', NULL, NULL, NULL, 'INACTIVE', 19, '2024-05-17 00:27:54', '2024-05-17 00:27:54'),
(13, 'Transferencia Dólares', NULL, NULL, 'ZELDH0143543', 'Santander Santiago', NULL, NULL, NULL, 'ACTIVE', 27, '2024-05-17 05:13:27', '2024-05-17 05:15:47'),
(14, 'pagomovil', '1223338', '234566777', NULL, 'Provincial', NULL, NULL, NULL, 'ACTIVE', 27, '2024-05-17 05:16:25', '2024-05-17 05:16:29'),
(15, 'pagomovil', 'v14433545', '2344423', NULL, 'Mercantil', NULL, NULL, NULL, 'ACTIVE', 42, '2024-10-23 21:26:34', '2024-10-23 21:27:15'),
(16, 'Transferencia Bolivares', 'v14433545', '2344423', '123323324324354', 'Mercantil', NULL, NULL, NULL, 'ACTIVE', 42, '2024-10-23 21:26:46', '2024-10-23 21:27:13'),
(17, 'Transferencia Dólares', 'v14433545', '2344423', 'BOFSDASDAS', 'BOFA', NULL, NULL, NULL, 'ACTIVE', 42, '2024-10-23 21:27:04', '2024-10-23 21:27:11'),
(19, 'Transferencia Dólares', NULL, NULL, 'dkjnkdfgjnsgannganfdoi', 'Binance', NULL, NULL, NULL, 'ACTIVE', 19, '2025-02-14 11:47:09', '2025-02-14 11:47:13');

-- --------------------------------------------------------

--
-- Estructura de tabla para la tabla `users`
--

CREATE TABLE `users` (
  `id` bigint(20) UNSIGNED NOT NULL,
  `name` varchar(250) NOT NULL,
  `surname` varchar(250) NOT NULL,
  `mobile` varchar(50) DEFAULT NULL,
  `birth_date` timestamp NULL DEFAULT NULL,
  `gender` tinyint(4) DEFAULT NULL,
  `status` tinyint(4) NOT NULL DEFAULT 1,
  `designation` longtext DEFAULT NULL,
  `precio_cita` varchar(255) DEFAULT NULL,
  `address` text DEFAULT NULL,
  `avatar` varchar(255) DEFAULT NULL,
  `n_doc` varchar(50) DEFAULT NULL,
  `email` varchar(255) NOT NULL COMMENT 'User email for login',
  `email_verified_at` timestamp NULL DEFAULT NULL,
  `password` varchar(255) NOT NULL COMMENT 'Hashed password',
  `remember_token` varchar(100) DEFAULT NULL COMMENT 'For "remember me" functionality',
  `created_at` timestamp NULL DEFAULT NULL,
  `updated_at` timestamp NULL DEFAULT NULL,
  `deleted_at` timestamp NULL DEFAULT NULL,
  `speciality_id` bigint(20) UNSIGNED DEFAULT NULL,
  `location_id` bigint(20) UNSIGNED DEFAULT NULL
) ENGINE=InnoDB DEFAULT CHARSET=utf8mb4 COLLATE=utf8mb4_unicode_ci;

--
-- Índices para tablas volcadas
--

--
-- Indices de la tabla `appointments`
--
ALTER TABLE `appointments`
  ADD PRIMARY KEY (`id`);

--
-- Indices de la tabla `appointment_attentions`
--
ALTER TABLE `appointment_attentions`
  ADD PRIMARY KEY (`id`);

--
-- Indices de la tabla `appointment_pays`
--
ALTER TABLE `appointment_pays`
  ADD PRIMARY KEY (`id`);

--
-- Indices de la tabla `contacts`
--
ALTER TABLE `contacts`
  ADD PRIMARY KEY (`id`);

--
-- Indices de la tabla `doctor_schedule_days`
--
ALTER TABLE `doctor_schedule_days`
  ADD PRIMARY KEY (`id`);

--
-- Indices de la tabla `doctor_schedule_hours`
--
ALTER TABLE `doctor_schedule_hours`
  ADD PRIMARY KEY (`id`);

--
-- Indices de la tabla `doctor_schedule_join_hours`
--
ALTER TABLE `doctor_schedule_join_hours`
  ADD PRIMARY KEY (`id`),
  ADD KEY `doctor_schedule_day_join` (`doctor_schedule_day_id`);

--
-- Indices de la tabla `failed_jobs`
--
ALTER TABLE `failed_jobs`
  ADD PRIMARY KEY (`id`),
  ADD UNIQUE KEY `failed_jobs_uuid_unique` (`uuid`);

--
-- Indices de la tabla `jobs`
--
ALTER TABLE `jobs`
  ADD PRIMARY KEY (`id`),
  ADD KEY `jobs_queue_index` (`queue`);

--
-- Indices de la tabla `laboratories`
--
ALTER TABLE `laboratories`
  ADD PRIMARY KEY (`id`);

--
-- Indices de la tabla `locations`
--
ALTER TABLE `locations`
  ADD PRIMARY KEY (`id`);

--
-- Indices de la tabla `migrations`
--
ALTER TABLE `migrations`
  ADD PRIMARY KEY (`id`);

--
-- Indices de la tabla `model_has_permissions`
--
ALTER TABLE `model_has_permissions`
  ADD PRIMARY KEY (`permission_id`,`model_id`,`model_type`),
  ADD KEY `model_has_permissions_model_id_model_type_index` (`model_id`,`model_type`);

--
-- Indices de la tabla `model_has_roles`
--
ALTER TABLE `model_has_roles`
  ADD PRIMARY KEY (`role_id`,`model_id`,`model_type`),
  ADD KEY `model_has_roles_model_id_model_type_index` (`model_id`,`model_type`);

--
-- Indices de la tabla `password_resets`
--
ALTER TABLE `password_resets`
  ADD KEY `password_resets_email_index` (`email`);

--
-- Indices de la tabla `patients`
--
ALTER TABLE `patients`
  ADD PRIMARY KEY (`id`);

--
-- Indices de la tabla `patien_persons`
--
ALTER TABLE `patien_persons`
  ADD PRIMARY KEY (`id`);

--
-- Indices de la tabla `payments`
--
ALTER TABLE `payments`
  ADD PRIMARY KEY (`id`),
  ADD KEY `payments_user_id_foreign` (`patient_id`),
  ADD KEY `payments_plan_id_foreign` (`appointment_id`);

--
-- Indices de la tabla `permissions`
--
ALTER TABLE `permissions`
  ADD PRIMARY KEY (`id`),
  ADD UNIQUE KEY `permissions_name_guard_name_unique` (`name`,`guard_name`);

--
-- Indices de la tabla `personal_access_tokens`
--
ALTER TABLE `personal_access_tokens`
  ADD PRIMARY KEY (`id`),
  ADD UNIQUE KEY `personal_access_tokens_token_unique` (`token`),
  ADD KEY `personal_access_tokens_tokenable_type_tokenable_id_index` (`tokenable_type`,`tokenable_id`);

--
-- Indices de la tabla `pubs`
--
ALTER TABLE `pubs`
  ADD PRIMARY KEY (`id`);

--
-- Indices de la tabla `roles`
--
ALTER TABLE `roles`
  ADD PRIMARY KEY (`id`),
  ADD UNIQUE KEY `roles_name_guard_name_unique` (`name`,`guard_name`);

--
-- Indices de la tabla `role_has_permissions`
--
ALTER TABLE `role_has_permissions`
  ADD PRIMARY KEY (`permission_id`,`role_id`),
  ADD KEY `role_has_permissions_role_id_foreign` (`role_id`);

--
-- Indices de la tabla `settingenerals`
--
ALTER TABLE `settingenerals`
  ADD PRIMARY KEY (`id`);

--
-- Indices de la tabla `specialities`
--
ALTER TABLE `specialities`
  ADD PRIMARY KEY (`id`);

--
-- Indices de la tabla `tiposdepagos`
--
ALTER TABLE `tiposdepagos`
  ADD PRIMARY KEY (`id`);

--
-- Indices de la tabla `users`
--
ALTER TABLE `users`
  ADD PRIMARY KEY (`id`),
  ADD UNIQUE KEY `users_email_unique` (`email`),
  ADD UNIQUE KEY `users_n_doc_unique` (`n_doc`);

--
-- AUTO_INCREMENT de las tablas volcadas
--

--
-- AUTO_INCREMENT de la tabla `appointments`
--
ALTER TABLE `appointments`
  MODIFY `id` bigint(20) UNSIGNED NOT NULL AUTO_INCREMENT, AUTO_INCREMENT=5;

--
-- AUTO_INCREMENT de la tabla `appointment_attentions`
--
ALTER TABLE `appointment_attentions`
  MODIFY `id` bigint(20) UNSIGNED NOT NULL AUTO_INCREMENT, AUTO_INCREMENT=2;

--
-- AUTO_INCREMENT de la tabla `appointment_pays`
--
ALTER TABLE `appointment_pays`
  MODIFY `id` bigint(20) UNSIGNED NOT NULL AUTO_INCREMENT, AUTO_INCREMENT=10;

--
-- AUTO_INCREMENT de la tabla `contacts`
--
ALTER TABLE `contacts`
  MODIFY `id` bigint(20) UNSIGNED NOT NULL AUTO_INCREMENT;

--
-- AUTO_INCREMENT de la tabla `doctor_schedule_days`
--
ALTER TABLE `doctor_schedule_days`
  MODIFY `id` bigint(20) UNSIGNED NOT NULL AUTO_INCREMENT, AUTO_INCREMENT=99;

--
-- AUTO_INCREMENT de la tabla `doctor_schedule_hours`
--
ALTER TABLE `doctor_schedule_hours`
  MODIFY `id` bigint(20) UNSIGNED NOT NULL AUTO_INCREMENT, AUTO_INCREMENT=41;

--
-- AUTO_INCREMENT de la tabla `doctor_schedule_join_hours`
--
ALTER TABLE `doctor_schedule_join_hours`
  MODIFY `id` bigint(20) UNSIGNED NOT NULL AUTO_INCREMENT, AUTO_INCREMENT=937;

--
-- AUTO_INCREMENT de la tabla `failed_jobs`
--
ALTER TABLE `failed_jobs`
  MODIFY `id` bigint(20) UNSIGNED NOT NULL AUTO_INCREMENT;

--
-- AUTO_INCREMENT de la tabla `jobs`
--
ALTER TABLE `jobs`
  MODIFY `id` bigint(20) UNSIGNED NOT NULL AUTO_INCREMENT;

--
-- AUTO_INCREMENT de la tabla `laboratories`
--
ALTER TABLE `laboratories`
  MODIFY `id` bigint(20) UNSIGNED NOT NULL AUTO_INCREMENT, AUTO_INCREMENT=55;

--
-- AUTO_INCREMENT de la tabla `locations`
--
ALTER TABLE `locations`
  MODIFY `id` bigint(20) NOT NULL AUTO_INCREMENT, AUTO_INCREMENT=4;

--
-- AUTO_INCREMENT de la tabla `migrations`
--
ALTER TABLE `migrations`
  MODIFY `id` int(10) UNSIGNED NOT NULL AUTO_INCREMENT, AUTO_INCREMENT=15;

--
-- AUTO_INCREMENT de la tabla `patients`
--
ALTER TABLE `patients`
  MODIFY `id` bigint(20) UNSIGNED NOT NULL AUTO_INCREMENT, AUTO_INCREMENT=8;

--
-- AUTO_INCREMENT de la tabla `patien_persons`
--
ALTER TABLE `patien_persons`
  MODIFY `id` bigint(20) UNSIGNED NOT NULL AUTO_INCREMENT, AUTO_INCREMENT=8;

--
-- AUTO_INCREMENT de la tabla `payments`
--
ALTER TABLE `payments`
  MODIFY `id` bigint(20) UNSIGNED NOT NULL AUTO_INCREMENT, AUTO_INCREMENT=2;

--
-- AUTO_INCREMENT de la tabla `permissions`
--
ALTER TABLE `permissions`
  MODIFY `id` bigint(20) UNSIGNED NOT NULL AUTO_INCREMENT;

--
-- AUTO_INCREMENT de la tabla `personal_access_tokens`
--
ALTER TABLE `personal_access_tokens`
  MODIFY `id` bigint(20) UNSIGNED NOT NULL AUTO_INCREMENT;

--
-- AUTO_INCREMENT de la tabla `pubs`
--
ALTER TABLE `pubs`
  MODIFY `id` bigint(20) UNSIGNED NOT NULL AUTO_INCREMENT, AUTO_INCREMENT=9;

--
-- AUTO_INCREMENT de la tabla `roles`
--
ALTER TABLE `roles`
  MODIFY `id` bigint(20) UNSIGNED NOT NULL AUTO_INCREMENT;

--
-- AUTO_INCREMENT de la tabla `settingenerals`
--
ALTER TABLE `settingenerals`
  MODIFY `id` bigint(20) UNSIGNED NOT NULL AUTO_INCREMENT, AUTO_INCREMENT=2;

--
-- AUTO_INCREMENT de la tabla `specialities`
--
ALTER TABLE `specialities`
  MODIFY `id` bigint(20) UNSIGNED NOT NULL AUTO_INCREMENT, AUTO_INCREMENT=17;

--
-- AUTO_INCREMENT de la tabla `tiposdepagos`
--
ALTER TABLE `tiposdepagos`
  MODIFY `id` bigint(20) UNSIGNED NOT NULL AUTO_INCREMENT, AUTO_INCREMENT=20;

--
-- AUTO_INCREMENT de la tabla `users`
--
ALTER TABLE `users`
  MODIFY `id` bigint(20) UNSIGNED NOT NULL AUTO_INCREMENT;

--
-- Restricciones para tablas volcadas
--

--
-- Filtros para la tabla `doctor_schedule_join_hours`
--
ALTER TABLE `doctor_schedule_join_hours`
  ADD CONSTRAINT `doctor_schedule_day_join` FOREIGN KEY (`doctor_schedule_day_id`) REFERENCES `doctor_schedule_days` (`id`) ON DELETE CASCADE ON UPDATE CASCADE;

--
-- Filtros para la tabla `model_has_permissions`
--
ALTER TABLE `model_has_permissions`
  ADD CONSTRAINT `model_has_permissions_permission_id_foreign` FOREIGN KEY (`permission_id`) REFERENCES `permissions` (`id`) ON DELETE CASCADE;

--
-- Filtros para la tabla `model_has_roles`
--
ALTER TABLE `model_has_roles`
  ADD CONSTRAINT `model_has_roles_role_id_foreign` FOREIGN KEY (`role_id`) REFERENCES `roles` (`id`) ON DELETE CASCADE;

--
-- Filtros para la tabla `role_has_permissions`
--
ALTER TABLE `role_has_permissions`
  ADD CONSTRAINT `role_has_permissions_permission_id_foreign` FOREIGN KEY (`permission_id`) REFERENCES `permissions` (`id`) ON DELETE CASCADE,
  ADD CONSTRAINT `role_has_permissions_role_id_foreign` FOREIGN KEY (`role_id`) REFERENCES `roles` (`id`) ON DELETE CASCADE;
COMMIT;

/*!40101 SET CHARACTER_SET_CLIENT=@OLD_CHARACTER_SET_CLIENT */;
/*!40101 SET CHARACTER_SET_RESULTS=@OLD_CHARACTER_SET_RESULTS */;
/*!40101 SET COLLATION_CONNECTION=@OLD_COLLATION_CONNECTION */;
